MouseID,rs6259073,gnf01_037_906,CEL-1_49807741,rs6206420,rs13475909,gnf01_085_746,rs6157345,rs13476024,rs13476036,rs13476098,rs6354736,rs13476148,rs13476177,rs3685643,rs3707322,rs13476259,mCV22849619,rs3689947,gnf02_001_197,rs13476331,CEL-2_23847726,rs6295520,rs13476507,rs13476540,rs13476554,rs6371268,rs3674264,rs3658729,rs4223428,rs8251635,rs3655895,rs13476832,rs6376291,rs13476892,rs3712766,rs13476973,rs13477019,rs13477048,rs6371982,rs3691114,rs6239288,rs3683507,rs13477223,rs3688780,rs4138858,mCV24984125,rs3709137,rs13477365,rs13477425,rs3657112,rs3724562,rs13477549,rs3653593,rs13477617,rs13477669,rs3657529,rs6239799,rs6374954,rs13477759,rs3708061,rs13477831,rs3705454,rs6365760,rs3688968,rs3714811,rs3023025,rs13478069,CEL-5_24211033,rs6159963,rs13478188,rs6256504,rs13478222,CEL-5_79059370,rs3726547,rs3663141,rs3662161,gnf05_120_578,rs13478557,UT_5_143_236614,rs3699833,rs13478621,gnf06_026_418,rs13478728,rs13478729,CEL-6_57082524,rs3672029,rs6268125,rs13478995,rs3152403,rs13479082,rs6387265,rs3675839,rs3724197,mCV25220583,rs3720735,rs3670807,rs3719256,rs6228386,rs3696018,rs6160140,rs13479325,rs3677657,rs13479392,rs13479451,rs3708100,rs3724711,rs13479497,rs6216320,rs6273176,gnf08_021_719,rs3704385,gnf08_026_892,rs13479735,rs13479753,CEL-8_51076519,rs8253516,rs3661882,gnf08_109_993,rs13480107,rs3686936,CEL-9_29909656,rs3665206,rs6207781,rs13480208,rs3693209,rs13480313,rs13480323,rs13480325,rs6277880,rs3694903,rs4228126,rs3696055,CEL-10_20959105,rs13459121,rs13480579,rs3683193,rs13480657,rs13480722,rs3688351,rs3654717,rs6201222,mCV25429984,rs4222040,rs3716790,rs3023251,rs13480973,rs13481032,rs3088940,rs13481088,rs13481099,rs13481127,rs3655537,rs3722590,gnf11_105_136,rs3698446,rs13481230,rs3709002,rs3718992,rs13481365,rs6225272,rs3711448,rs13481405,UT_12_48_062521,rs13481491,rs13481509,rs13481573,rs13481611,rs3700012,rs13481634,rs6215262,rs13481734,rs3693942,rs13481839,rs3712144,gnf13_092_499,rs4230027,rs6316705,rs3672461,rs3687889,gnf14_018_589,rs13482117,rs3695383,gnf14_040_022,rs3695574,rs3723413,rs3701623,rs13482258,rs3678059,rs3698545,CEL-14_116404928,rs13459177,rs13482427,CEL-15_16073911,rs3662618,rs3666667,CEL-15_43206205,rs3674266,rs13482580,rs13482628,rs3699312,rs3701224,rs6326790,rs3023429,rs4161352,rs4180773,rs4186129,rs4188505,rs4189478,rs3721202,rs4206327,rs4213876,rs3708391,rs6239530,rs13459148,CEL-17_12736614,rs3703275,rs4231494,UT_17_45_56384,rs3657117,rs13483108,rs3670607,rs13459155,gnf18_007_239,rs6358426,rs13483237,rs3683699,rs3669543,rs6320743,rs4231934,rs3686467,rs3669236,rs13483628,rs13483650,rs13483712,CEL-X_8498891,CEL-X_39961894,gnfX_035_350,rs13483761,rs13483786,CEL-X_67980997,gnfX_068_981,rs13483870,rs13483805,rs13483909,gnfX_089_712,CEL-X_100430565,rs13483994,rs13484031,CEL-X_143438541,gnfX_141_820,rs13484113
,1,1,1,1,1,1,1,1,1,1,1,1,1,1,1,1,1,1,2,2,2,2,2,2,2,2,2,2,2,2,2,2,2,2,2,3,3,3,3,3,3,3,3,3,3,3,3,3,3,3,3,4,4,4,4,4,4,4,4,4,4,4,4,4,4,4,4,5,5,5,5,5,5,5,5,5,5,5,5,6,6,6,6,6,6,6,6,6,6,6,6,7,7,7,7,7,7,7,7,7,7,7,7,7,7,7,7,7,8,8,8,8,8,8,8,8,8,8,9,9,9,9,9,9,9,9,9,9,9,9,10,10,10,10,10,10,10,10,10,10,10,10,11,11,11,11,11,11,11,11,11,11,11,11,11,11,12,12,12,12,12,12,12,12,12,12,12,12,12,13,13,13,13,13,13,13,13,14,14,14,14,14,14,14,14,14,14,14,14,14,15,15,15,15,15,15,15,15,15,15,15,15,15,16,16,16,16,16,16,16,16,16,17,17,17,17,17,17,17,17,17,17,18,18,18,18,18,18,18,19,19,19,19,X,X,X,X,X,X,X,X,X,X,X,X,X,X,X,X,X,X
,11106394,41423174,49807741,59624742,69117243,85664769,95497940,103459296,106831730,126400694,128165659,142911628,150586221,162261064,164408862,177399967,186531848,192397145,4196507,6048930,23847726,43034728,54765962,63511489,67180899,68927682,94965895,104083849,120277888,125050910,144285357,149488033,154204634,165459397,166073326,11073596,23589162,32869483,33929993,59986297,60673679,79585796,81254705,86858364,88133448,91088111,117343865,119209671,135476593,148942421,151923922,8730860,22884502,27105003,45887915,53909507,55765284,61703299,67604678,79579536,87260441,97279502,117526748,118066883,122578236,141638718,153388518,24211033,26815473,35473596,38327673,43586480,79059370,105832285,114196024,114905705,124102640,136901638,142025032,6161470,8907544,29269458,44147269,44523705,57082524,75631345,87214811,117862153,120978168,144187491,145879903,7713719,7950972,17994561,25217824,27871533,31933809,32285087,44701332,53312532,58334612,61680107,75869041,94635643,99278326,101325771,109865120,132894685,7842210,21995114,25083165,27236274,44684826,49714626,51076519,67908410,95633139,108081601,24740593,26774587,29909656,32825296,37083126,55395056,71973325,84554360,87865881,88301228,88646923,114041353,14115727,17883074,20959105,26575945,36058713,67966008,76584143,97430180,104194765,106878678,114650095,119011153,5679435,17999950,20848871,37545902,54361586,56155810,69432934,73722822,83014191,86362842,89778531,98152651,104908478,110832288,9687267,12114801,23635156,25870085,30453856,34850909,47778721,57054274,62474249,82237479,94195303,96438694,101558810,3556871,26416832,54042656,59560600,63566794,88548023,97200857,112888923,7512933,15973497,21555237,25516466,29838823,39508866,57566391,63041573,64968413,68180077,98713773,113996232,116404928,3802916,10037310,16073911,26094714,30800680,43206205,44244940,53062977,68143270,71605742,78678294,90938588,102289996,10565999,45247290,50656592,56631777,57732226,73110160,76732911,87532305,93669455,3766890,11992689,12736614,22926002,41235453,44325625,67483047,73981248,77914489,85857606,10431432,16784949,19671420,30952210,58570705,65694361,74800133,16159229,25643608,40619480,46717958,7885141,8498891,39961894,43278349,47895370,56181989,67980997,72274499,76868167,81745577,91823100,97261992,100430565,121285657,129847872,143438541,151555476,159567431
3009,H,H,H,H,H,H,H,H,H,H,H,H,H,H,H,H,H,H,A,A,A,A,A,H,H,H,H,H,H,H,H,H,H,H,H,H,H,H,H,H,H,H,H,H,H,H,H,H,H,H,H,A,A,A,A,A,A,A,A,A,A,A,A,A,A,H,H,A,A,A,A,A,A,A,A,A,A,A,H,A,A,A,H,H,H,H,H,H,H,H,H,A,A,A,A,A,A,A,A,A,A,A,A,A,A,A,A,A,A,A,A,A,H,H,H,H,H,H,H,H,H,H,H,A,A,A,A,A,A,A,A,A,A,A,A,A,A,A,A,A,A,A,A,A,A,A,A,A,H,H,H,H,H,H,H,H,H,H,H,H,H,H,H,H,H,A,A,A,A,H,H,H,H,H,H,H,A,H,H,H,H,H,A,A,A,A,A,A,A,A,A,A,A,A,A,A,A,H,H,H,H,H,H,H,H,H,H,H,H,H,H,H,A,A,A,A,A,A,A,A,A,A,A,A,A,A,A,A,A,H,H,H,H,A,A,A,A,A,A,A,A,A,A,A,A,A,A,A,A,A,A
3011,A,H,H,H,H,H,H,H,H,H,H,H,H,H,H,H,H,H,A,A,A,A,A,A,A,A,A,A,A,A,A,A,A,A,A,H,H,H,H,H,H,H,H,H,H,H,H,H,H,H,H,A,A,A,A,A,A,A,A,A,A,A,H,H,H,H,H,H,H,H,H,H,H,H,H,H,H,H,H,A,A,A,A,A,A,A,A,A,A,A,A,H,H,H,H,H,H,H,H,H,H,H,H,H,H,H,H,H,H,H,H,H,H,H,H,H,H,H,A,A,A,A,A,A,A,A,A,A,A,A,H,H,H,H,H,H,A,A,A,A,A,A,A,A,A,A,H,H,H,H,H,H,H,H,H,H,A,A,A,A,A,A,A,A,A,A,A,A,A,A,A,A,A,A,A,A,A,A,A,A,A,A,A,A,A,A,H,H,H,H,H,H,H,H,H,A,A,A,A,A,A,A,A,A,H,H,H,H,H,H,H,H,H,H,H,H,H,H,H,H,H,H,A,A,A,A,A,A,A,A,A,A,A,A,A,A,A,A,A,A,A,A,A,A,A,A,A,A,A,A,A
3021,H,H,H,H,H,H,H,H,H,H,H,H,H,H,A,A,A,A,A,A,A,H,H,H,H,H,H,H,H,H,H,H,H,H,H,A,A,A,A,A,A,A,A,A,A,A,A,A,A,A,A,A,A,A,H,H,H,H,H,H,H,H,H,H,H,H,H,H,H,H,H,H,H,A,A,A,A,A,A,A,A,A,A,A,A,A,A,A,A,H,H,A,A,A,A,A,A,A,A,A,A,A,A,A,A,A,A,H,H,A,A,A,A,A,A,A,A,A,A,A,A,A,A,A,H,H,H,H,H,H,H,H,H,H,H,H,H,H,H,H,H,H,H,H,H,H,H,H,A,A,A,A,A,A,A,A,A,A,A,A,A,A,H,H,H,H,H,H,H,H,H,H,H,H,H,H,H,H,H,H,H,H,H,A,A,A,A,A,A,A,A,A,A,A,A,A,A,A,H,H,H,H,H,H,A,A,A,A,A,A,A,A,A,A,A,A,A,A,A,A,A,A,A,A,A,A,A,A,H,H,H,H,H,A,A,A,A,A,A,A,A,A,A,A,A,A,A,A,A,A,A
3024,A,A,A,A,A,A,A,A,A,A,A,A,A,A,A,H,H,H,H,H,A,A,A,A,A,A,A,A,A,A,A,A,A,A,A,A,A,A,A,A,A,A,A,A,A,A,A,A,A,A,A,A,H,H,H,H,H,H,H,H,H,H,H,H,H,H,H,A,A,A,A,A,A,A,A,A,A,H,H,H,H,A,A,A,A,A,A,A,A,H,H,A,A,A,A,A,A,A,A,A,A,A,A,A,A,A,A,H,H,H,H,H,H,H,H,H,H,H,H,H,H,H,H,H,H,H,H,H,H,H,A,A,A,A,A,A,A,A,A,A,A,A,H,H,H,H,H,H,H,H,H,H,H,A,A,A,A,A,A,A,A,A,A,A,A,A,A,A,A,H,H,H,H,H,H,H,H,A,A,A,A,A,A,A,A,A,A,H,H,H,A,A,A,A,A,A,A,A,A,A,A,A,A,H,A,A,A,A,A,A,A,A,A,A,A,A,A,A,A,A,A,H,A,A,A,A,A,A,A,A,A,A,A,A,A,A,A,A,A,A,A,A,A,A,A,A,A,A,A,A,A
3028,A,A,A,A,A,A,A,A,A,A,A,H,H,H,H,H,H,H,A,A,H,H,H,H,H,H,H,H,H,H,H,H,H,H,H,A,A,A,A,A,A,A,A,A,A,A,A,A,A,A,A,H,H,H,A,A,A,A,A,A,A,A,A,A,A,H,H,H,H,H,H,H,H,H,H,H,H,H,H,H,H,H,H,H,H,H,H,H,H,H,H,H,H,H,H,H,H,H,H,A,A,A,A,A,A,A,A,A,A,A,A,A,H,H,H,H,H,H,H,H,H,H,H,H,H,A,A,A,A,A,A,A,A,A,A,A,A,A,A,A,H,H,H,H,H,H,H,H,H,H,H,H,H,H,H,A,A,A,A,A,A,A,A,A,A,A,A,A,A,A,A,H,H,H,H,H,H,A,A,A,A,A,A,A,A,A,A,H,H,H,H,H,H,H,H,H,H,H,H,H,H,H,H,A,A,A,A,A,A,A,A,A,H,H,H,H,H,H,H,H,H,H,H,H,H,H,H,H,H,A,A,A,H,A,A,A,A,A,A,A,A,A,A,A,A,A,A,A,A,A,A
3029,A,A,A,A,A,A,A,A,A,A,A,A,A,A,A,A,A,A,A,A,A,A,A,A,A,A,A,A,A,A,A,A,A,A,A,A,A,A,A,A,A,A,A,A,A,A,A,A,A,A,A,A,A,A,A,A,A,A,H,H,H,H,H,H,H,H,A,A,A,A,A,A,A,H,H,H,H,H,H,H,H,H,H,H,H,H,H,H,H,H,H,H,H,H,H,H,H,H,H,H,H,H,H,A,A,A,A,A,H,H,H,H,H,H,H,H,H,A,H,H,H,H,A,A,A,A,A,A,A,H,A,A,A,A,A,H,H,H,H,H,H,H,A,A,A,A,A,A,A,A,A,A,A,A,A,A,H,H,A,A,A,A,A,A,A,A,A,A,A,H,A,A,A,A,A,A,A,A,A,A,A,A,A,A,A,A,A,A,A,A,A,A,A,A,A,A,A,A,A,A,H,H,H,A,A,A,A,A,A,A,A,A,A,A,A,A,A,A,A,A,A,A,A,H,H,H,H,H,H,H,H,H,H,A,A,A,A,A,A,A,A,A,A,A,A,A,A,A,A,A,A
3031,H,H,-,H,H,H,H,-,H,H,H,H,H,H,H,H,H,H,A,-,A,A,A,A,A,A,A,A,A,A,A,A,A,A,A,H,H,A,A,A,A,A,A,A,A,A,A,A,-,A,A,H,H,H,H,H,H,H,H,H,H,H,H,-,H,H,H,A,A,A,A,-,A,A,A,A,A,A,H,A,A,A,A,A,A,A,A,A,A,A,A,A,A,A,A,A,A,A,A,A,A,A,A,A,A,A,A,A,A,A,A,A,A,A,A,H,H,H,A,A,A,A,A,A,A,A,A,A,A,A,A,A,A,A,A,A,A,A,A,A,A,A,A,A,A,A,A,A,A,A,A,A,A,A,A,A,A,A,A,-,A,A,H,H,H,H,H,H,H,H,H,H,H,H,A,A,A,H,H,H,H,H,H,H,H,H,H,H,H,H,A,A,A,A,A,A,A,A,A,A,A,A,A,A,A,A,A,A,A,A,A,H,H,-,H,H,H,H,H,H,H,H,A,A,A,A,A,A,A,A,A,A,A,A,A,A,A,A,A,A,A,A,A,A,A,A,A,A,A,A,A
3033,A,A,A,A,A,A,A,A,A,A,A,A,A,A,A,A,A,H,A,A,A,A,A,A,A,A,H,H,H,H,H,H,H,H,H,H,H,H,H,H,H,H,H,H,H,H,H,H,H,H,H,H,H,H,H,H,H,H,H,H,H,H,H,H,H,A,A,H,H,H,H,H,H,H,H,H,H,H,H,A,A,A,A,A,A,A,A,A,A,A,A,A,A,A,A,A,A,A,A,A,A,A,A,A,A,A,H,H,A,A,A,A,A,A,A,A,A,A,A,A,A,A,A,A,A,A,A,A,A,A,A,A,A,A,A,A,A,A,A,A,A,A,A,A,A,A,A,A,A,A,A,A,A,A,H,H,A,A,A,A,A,A,A,A,A,H,H,H,H,A,A,A,A,A,A,A,A,H,H,H,H,H,H,H,H,H,H,H,H,H,A,A,A,A,A,A,A,A,A,A,A,A,A,A,A,A,A,A,A,A,A,A,H,H,H,H,A,A,A,A,A,A,A,A,A,A,A,A,A,H,H,H,H,A,A,A,A,A,A,A,A,A,A,A,A,A,A,A,A,A,A
3035,A,A,A,H,H,H,H,H,H,H,H,H,H,H,H,H,H,H,H,H,H,H,H,H,H,H,H,H,H,H,H,H,H,A,A,A,A,A,A,A,A,A,A,A,A,A,A,A,H,H,H,H,H,H,H,H,H,H,H,H,H,H,H,H,H,H,H,A,A,A,A,A,A,A,A,A,A,A,A,H,H,H,H,H,H,H,H,H,H,H,H,A,A,A,A,A,A,A,A,A,A,A,A,A,A,A,A,A,A,A,A,A,A,A,A,A,A,A,H,H,H,H,H,H,A,A,A,A,A,A,A,A,A,A,A,H,H,H,H,H,H,H,A,A,A,A,A,A,A,A,A,A,A,A,H,H,H,H,H,H,H,H,H,H,H,A,A,H,H,A,A,A,A,A,A,A,A,H,H,H,H,H,H,H,H,H,H,H,H,H,H,H,H,H,H,A,A,A,A,A,A,A,A,H,H,H,H,H,A,A,A,A,H,H,H,H,H,H,H,H,H,H,A,A,A,A,A,A,A,A,A,A,A,A,A,A,A,A,A,A,A,A,A,A,A,A,A,A,A,A,A
3036,H,A,A,A,A,A,A,-,A,A,A,A,A,A,A,H,H,H,H,H,H,A,A,A,A,A,A,A,A,A,A,A,A,A,A,H,H,H,H,H,H,H,H,H,H,H,H,H,H,H,H,A,A,A,A,A,A,A,A,A,A,A,A,A,A,A,A,H,H,H,H,H,H,H,H,H,H,H,H,A,A,A,A,A,A,A,A,A,A,A,A,A,A,A,A,A,A,A,A,A,A,A,A,A,A,A,A,H,H,H,H,H,H,H,H,H,H,H,A,A,A,A,A,A,A,A,A,A,A,A,H,H,H,H,H,H,H,H,H,H,H,A,H,H,H,H,A,A,A,A,A,A,A,A,A,A,A,A,H,H,H,H,H,H,H,H,H,H,H,H,H,H,H,H,H,H,H,H,H,H,H,H,H,H,H,H,H,A,A,A,H,H,H,H,H,H,H,H,H,H,H,H,H,H,H,H,H,H,H,H,A,A,A,A,A,A,A,A,A,A,A,A,H,H,H,H,H,H,H,H,H,H,H,A,A,A,A,A,A,A,A,A,A,A,A,A,A,A,A,A,A
3037,H,H,H,A,A,A,A,A,A,A,A,A,A,A,A,A,A,A,A,A,H,H,H,H,H,H,H,H,H,H,A,A,A,A,A,H,H,H,H,H,H,H,H,H,H,H,H,H,H,H,H,A,A,A,A,A,A,A,A,A,A,A,A,A,A,A,H,A,A,A,A,A,H,H,H,H,H,H,H,A,A,A,A,A,A,H,H,H,A,A,A,H,H,H,H,H,H,H,H,H,H,H,H,H,H,H,H,H,H,H,H,H,H,H,H,H,H,H,A,A,A,A,A,H,H,H,H,H,H,H,A,A,A,A,A,A,A,A,A,A,A,A,H,H,H,A,A,A,A,A,A,A,A,A,H,H,H,H,H,H,H,H,H,H,H,H,H,H,H,A,A,A,A,A,H,H,H,A,A,A,A,A,A,A,A,A,A,H,H,H,A,A,A,A,A,A,A,A,H,H,H,H,H,H,H,H,H,H,H,H,H,H,A,A,A,A,A,A,A,A,A,A,A,A,A,H,H,H,H,H,H,H,H,A,A,A,A,A,A,A,A,A,A,A,A,A,A,A,A,A,A
3038,H,H,H,H,H,H,H,-,H,H,H,H,H,H,H,H,H,H,A,A,A,A,A,A,A,A,H,H,H,H,H,H,H,H,H,A,A,A,A,A,A,A,A,A,A,A,A,A,A,A,A,A,A,A,H,H,H,H,H,H,H,H,H,H,H,H,H,H,H,A,A,A,A,A,A,A,A,A,A,H,H,H,H,H,H,H,H,H,H,H,H,H,H,H,H,H,H,H,H,H,H,H,H,H,H,H,H,H,H,H,H,H,H,H,H,H,H,H,H,H,H,H,H,H,H,H,H,H,H,H,H,H,H,H,H,H,H,H,H,H,H,H,H,H,H,H,H,H,H,H,H,H,H,H,H,H,H,H,H,H,H,H,H,H,H,H,A,A,A,A,A,A,A,A,A,A,A,A,A,A,A,A,A,A,A,A,A,A,A,H,H,-,H,H,H,H,H,H,H,H,H,H,H,H,H,H,H,H,H,A,A,A,H,H,H,H,A,A,A,A,A,A,H,H,H,H,H,H,H,A,A,H,H,A,A,A,A,A,A,A,A,A,A,A,A,A,A,A,A,A,A
3040,A,A,A,A,A,A,A,A,A,A,A,A,A,A,A,A,A,A,H,H,H,A,A,A,A,A,A,A,A,A,A,A,A,A,A,H,H,H,H,H,H,H,H,H,H,H,H,H,A,A,A,H,H,H,H,H,H,H,H,H,H,H,H,H,H,A,A,A,A,A,A,A,A,A,A,A,A,A,A,H,H,H,H,H,H,H,H,A,A,A,A,A,A,A,A,A,A,A,A,A,A,A,A,A,A,A,A,A,H,H,H,H,H,H,H,H,H,H,H,H,H,H,H,H,H,H,H,H,H,H,A,A,A,A,A,A,A,A,A,A,A,A,A,A,A,A,A,A,A,A,A,A,A,A,A,A,H,H,H,H,H,H,H,H,H,H,H,H,A,H,H,H,H,H,H,H,H,H,H,H,H,H,H,H,A,A,A,A,A,A,A,A,A,A,A,A,A,A,A,A,A,H,H,H,H,H,H,H,H,H,H,H,A,A,A,A,A,A,A,A,A,A,A,A,A,A,A,A,A,H,H,H,H,A,A,A,A,A,A,A,A,A,A,A,A,-,A,A,A,A,A
3042,H,H,H,H,H,H,H,H,H,H,H,A,A,A,A,A,A,A,A,A,A,A,A,A,A,A,A,A,A,A,A,A,H,H,H,A,A,A,A,A,A,A,A,A,A,A,A,A,A,A,A,H,H,H,A,A,A,A,A,A,A,A,A,A,A,A,H,H,H,H,H,H,H,H,H,H,H,A,A,H,H,H,H,H,H,H,H,A,A,A,A,H,H,A,A,A,-,A,A,A,A,A,A,A,A,A,-,A,H,H,H,H,H,H,H,H,H,-,A,A,A,A,A,A,A,A,A,A,A,A,H,H,H,H,H,H,H,H,H,H,H,H,H,H,H,H,H,H,H,H,H,H,H,H,H,H,A,A,A,A,A,A,A,A,A,A,A,A,A,A,A,A,A,A,A,A,A,A,A,A,A,A,A,A,A,A,A,H,-,H,H,H,H,H,H,H,H,H,H,H,H,H,H,H,A,A,A,A,A,A,A,A,A,H,H,H,H,H,H,H,H,A,A,A,A,A,A,A,A,H,H,H,H,A,A,A,A,A,A,A,A,A,A,A,A,A,A,A,A,A,A
3043,H,A,A,A,A,A,A,A,A,A,A,A,A,A,A,A,A,A,A,A,A,A,A,A,A,A,H,H,H,H,H,H,H,H,H,A,A,A,A,A,A,A,A,A,A,A,A,A,A,A,A,A,A,A,A,A,A,H,H,H,H,H,H,H,H,H,H,H,H,H,H,H,H,H,H,H,H,H,H,H,H,H,H,H,H,H,H,H,H,H,H,A,A,A,A,A,A,A,A,A,A,A,H,H,H,H,H,H,H,H,H,H,H,H,H,H,H,H,H,H,H,H,H,H,H,H,H,H,H,H,H,H,H,H,H,H,H,H,H,H,H,H,A,A,A,A,A,A,A,A,A,A,A,A,H,H,A,A,A,A,A,H,H,H,H,H,H,H,H,A,A,A,A,A,A,A,A,H,H,H,H,H,H,H,H,H,H,H,A,A,A,A,A,A,A,A,A,A,A,A,A,A,A,A,A,A,A,A,A,A,A,A,A,A,A,A,A,A,A,A,A,H,A,H,H,H,H,H,H,H,H,H,H,A,A,A,A,A,A,A,A,A,A,A,A,A,A,A,A,A,A
3046,A,A,A,A,H,H,H,H,H,H,H,H,H,A,A,A,A,A,A,A,A,A,A,A,A,A,H,H,H,H,H,H,H,H,H,H,H,H,H,H,H,H,H,H,H,H,H,H,H,H,H,A,A,A,A,A,A,A,A,A,A,A,A,A,H,H,H,H,H,-,H,H,H,H,H,H,H,H,A,H,H,H,H,H,H,H,H,H,H,A,A,A,A,H,H,H,H,H,H,H,H,H,H,H,H,H,H,H,H,H,H,H,A,A,A,A,A,A,H,H,H,H,H,H,H,H,H,H,H,H,A,A,A,A,A,A,A,A,A,A,A,A,A,A,A,A,A,A,A,A,A,A,A,A,A,A,H,H,H,H,H,H,H,H,H,H,H,H,H,A,A,A,A,A,A,A,A,A,A,A,A,A,A,A,A,A,A,H,H,H,A,A,A,A,A,A,A,A,A,A,A,A,A,A,A,A,A,A,A,A,A,A,A,A,A,A,A,A,A,A,A,A,A,A,A,A,A,A,A,H,H,H,H,A,A,A,A,A,A,A,A,A,A,A,A,A,A,A,A,A,A
3048,H,H,H,H,H,H,H,H,H,H,H,H,H,H,H,H,H,H,A,A,A,A,A,A,A,A,H,H,H,H,H,H,H,H,H,A,A,H,H,H,H,H,H,H,H,H,H,A,A,A,A,H,H,H,H,H,H,H,H,H,H,H,H,H,H,H,A,H,H,H,H,H,H,H,H,H,A,A,A,H,H,H,H,H,H,H,H,H,H,H,H,A,A,A,A,A,A,A,A,A,A,A,A,A,A,A,A,H,A,A,A,H,H,H,H,H,H,H,H,H,H,H,H,A,A,A,A,A,A,A,A,A,A,A,A,A,A,A,A,A,A,A,A,H,H,H,H,H,H,H,H,H,H,H,H,H,A,A,A,A,A,A,A,A,A,A,A,A,A,H,H,H,A,A,A,A,A,A,A,A,A,A,A,A,A,A,A,A,A,A,H,H,H,H,H,H,H,H,H,H,H,H,H,A,A,A,A,A,A,A,A,A,H,H,H,H,H,H,H,H,H,A,A,A,A,A,H,H,H,H,H,H,H,A,A,A,A,A,A,A,A,A,A,A,A,A,A,A,A,A,A
3049,A,-,A,A,A,A,A,A,A,A,A,H,H,H,H,H,H,H,H,H,H,A,A,A,A,A,A,A,A,A,A,A,A,A,A,H,H,H,H,H,H,H,H,H,H,H,H,H,H,A,A,H,H,H,H,H,H,H,H,H,A,A,A,A,A,A,A,H,H,H,H,H,H,-,H,H,H,H,H,A,A,A,A,A,H,H,H,H,H,H,H,H,H,H,H,H,H,H,H,H,H,H,H,H,H,H,H,H,A,A,A,A,A,A,A,A,A,A,A,A,A,A,A,H,H,H,H,H,H,A,A,A,A,A,A,A,A,A,A,A,A,A,H,H,H,H,A,A,A,A,A,A,A,A,A,A,H,H,H,H,H,H,H,H,H,H,H,H,H,H,H,H,H,H,H,H,H,A,A,A,A,A,A,A,A,A,A,H,H,H,H,H,H,H,H,H,H,H,H,H,H,A,A,H,A,A,A,A,A,A,A,A,H,H,H,H,H,H,H,A,A,A,H,H,H,H,H,H,H,H,H,H,H,A,A,A,A,A,A,A,A,A,A,A,A,A,A,A,A,A,A
3050,A,A,A,A,A,A,A,A,A,A,A,A,A,A,A,A,A,A,H,H,H,H,H,H,H,H,H,H,H,H,H,H,H,H,H,A,A,A,A,A,A,A,A,A,A,A,A,A,A,A,A,H,H,H,H,H,H,H,H,H,H,H,H,H,H,H,A,A,A,A,A,A,H,H,H,H,H,H,H,H,H,H,H,H,H,H,A,A,A,A,A,A,A,A,A,A,A,A,A,A,A,A,A,A,H,H,H,H,A,A,A,A,A,H,H,H,H,H,H,H,H,H,H,H,H,H,H,H,H,H,A,A,A,A,A,A,A,A,A,A,A,A,H,A,A,A,A,A,A,A,A,A,A,A,A,A,A,A,A,A,A,A,A,A,A,A,A,A,A,H,H,A,A,A,A,A,A,A,A,A,A,A,A,A,A,A,A,A,A,A,H,H,H,H,H,H,H,H,H,H,H,H,H,A,A,A,A,A,A,A,A,A,H,H,H,H,H,H,A,A,A,A,H,H,A,A,A,A,A,H,H,H,H,A,A,A,A,A,A,A,A,A,A,A,A,A,A,A,A,A,A
3053,H,H,H,H,H,H,H,H,H,H,H,A,A,A,A,A,A,A,H,H,H,H,H,A,A,A,A,A,A,A,A,A,A,A,A,H,H,H,H,H,H,H,H,H,H,H,H,H,A,A,A,H,H,H,A,A,A,A,A,A,A,A,A,A,A,A,H,H,H,H,H,H,H,H,H,H,H,H,A,H,H,H,H,H,H,H,H,A,A,A,A,A,A,A,A,A,A,A,A,A,A,A,A,A,A,A,H,H,A,A,A,H,H,H,H,H,H,H,A,A,A,A,A,A,A,A,A,H,H,H,A,A,A,A,A,A,A,H,H,H,H,H,A,A,A,A,A,A,A,A,A,A,A,A,A,A,H,H,H,H,H,H,H,H,H,A,A,A,A,A,A,A,A,A,A,A,A,A,A,A,A,A,A,A,H,H,H,H,H,H,H,H,H,H,H,H,H,H,H,H,H,A,A,A,A,A,A,A,A,A,A,A,A,A,A,A,A,A,H,H,H,H,H,H,H,H,H,H,H,A,A,A,A,A,A,A,A,A,A,A,A,A,A,A,A,A,A,A,A,A,A
3054,A,A,A,A,A,A,A,A,A,A,A,H,H,H,H,H,H,H,A,A,A,A,A,H,H,H,H,H,H,H,A,A,A,A,A,H,H,H,H,H,H,A,A,A,A,A,A,A,A,A,A,H,H,H,H,H,H,H,H,H,H,H,H,H,H,H,A,A,A,A,A,H,H,H,H,H,H,H,H,A,A,A,A,A,H,H,H,H,H,H,H,H,H,H,H,H,H,H,H,H,H,H,H,H,H,H,H,H,A,A,A,H,H,H,H,H,H,H,H,H,H,H,H,A,A,A,A,A,A,A,H,H,H,H,H,H,H,H,A,A,A,A,H,H,H,H,H,H,A,A,A,A,A,A,A,A,H,H,H,H,H,H,H,H,H,H,H,H,H,A,A,A,H,H,H,H,H,H,H,H,H,H,H,H,H,H,H,H,H,H,H,H,H,H,H,H,H,H,H,H,H,H,H,H,H,H,H,H,H,H,H,H,H,H,H,H,H,H,H,H,H,H,H,H,H,H,H,H,H,A,A,A,A,A,A,A,A,A,A,A,A,A,A,A,A,A,A,A,A,A,A
3055,H,H,H,H,H,A,A,A,A,A,A,A,A,A,A,A,A,H,H,H,H,H,H,A,A,A,A,A,A,A,A,A,A,A,A,H,H,H,H,H,H,H,H,H,H,H,H,H,H,A,A,H,H,H,A,A,A,A,A,A,A,A,A,A,A,A,A,A,A,A,A,A,A,A,A,A,A,H,H,H,H,A,A,A,A,A,A,A,A,A,A,A,A,A,A,A,A,A,A,A,A,A,A,A,A,A,A,A,A,A,A,A,A,A,A,A,H,H,A,A,A,A,A,A,H,H,H,H,H,H,H,H,H,H,H,H,H,H,H,H,H,H,H,H,H,A,A,A,A,A,A,A,A,A,A,A,A,A,A,H,H,H,H,H,H,H,H,H,H,A,A,A,A,A,A,A,H,A,A,A,A,A,A,A,A,A,A,H,H,H,A,A,A,A,A,A,A,A,A,A,A,A,A,A,A,A,A,A,A,A,A,H,H,H,H,H,H,A,A,A,A,A,A,A,A,A,A,H,H,H,H,H,H,A,A,A,A,A,A,A,A,A,A,A,A,A,A,A,A,A,A
3056,A,A,A,A,A,A,A,A,A,A,A,A,A,A,A,A,A,A,A,A,A,A,A,A,A,A,A,A,A,A,A,A,A,A,A,H,H,H,H,H,H,H,H,H,H,A,A,A,A,A,A,A,A,A,A,A,A,A,A,A,A,A,A,A,A,A,A,H,H,H,A,A,A,A,A,A,A,A,A,A,A,A,A,A,A,A,A,A,A,A,H,A,A,A,A,A,A,A,A,A,A,A,A,A,A,A,A,A,H,H,H,H,H,H,H,H,H,H,H,H,H,H,A,A,A,A,A,A,A,A,H,H,H,H,H,A,A,A,A,A,A,A,A,A,A,A,A,A,A,A,H,H,H,H,H,H,H,H,H,H,H,H,H,H,H,H,H,H,H,A,A,A,A,A,A,A,A,A,A,A,A,A,A,A,A,A,A,A,A,A,A,A,A,A,A,A,A,A,A,H,H,H,H,H,H,H,A,A,A,A,A,A,H,H,H,H,H,H,H,A,A,A,A,A,A,A,A,A,H,A,H,H,H,A,A,A,A,A,A,A,A,A,A,A,A,A,A,A,A,A,A
3064,H,H,H,H,A,A,A,A,A,A,A,A,A,A,A,A,A,A,A,A,A,A,A,A,A,A,A,A,A,A,A,A,A,A,A,H,H,H,H,H,H,H,H,H,H,H,H,H,H,H,H,A,A,A,A,A,A,A,A,A,A,A,H,H,H,H,H,H,H,H,H,H,H,A,A,A,A,A,A,H,H,H,H,H,H,H,A,A,A,A,A,A,A,A,A,A,A,A,A,A,A,A,A,A,A,A,A,H,A,A,A,A,A,A,A,A,A,A,H,H,H,H,H,H,A,A,A,A,A,A,A,A,H,H,H,H,H,H,H,H,H,H,A,A,A,A,A,A,A,A,A,A,A,A,A,A,A,A,A,A,A,A,A,A,A,A,H,H,H,H,H,H,H,H,H,H,H,A,A,A,A,A,A,H,H,H,H,H,H,H,H,H,H,H,H,H,H,H,H,H,H,H,H,A,A,A,A,A,A,A,A,A,A,A,A,A,H,H,H,H,H,H,H,H,H,H,H,H,A,H,A,A,A,A,A,A,A,A,A,A,A,A,A,A,A,A,A,A,A,A,A
3069,A,A,A,A,A,A,A,A,A,A,A,A,A,A,A,A,H,H,A,A,A,A,A,A,A,A,A,A,A,A,A,A,A,A,A,H,H,H,H,H,H,H,H,H,H,H,H,H,H,H,H,H,A,A,A,A,A,A,A,A,A,A,A,A,A,A,A,A,A,A,A,H,H,H,H,H,H,H,H,H,H,H,H,H,H,H,H,A,A,A,A,H,H,A,A,A,A,A,A,A,A,A,A,A,A,A,A,A,A,A,A,A,A,A,A,H,H,H,H,H,H,H,H,H,H,H,H,H,H,H,A,A,A,A,A,A,A,A,A,A,A,H,A,A,A,A,A,A,A,A,A,A,A,A,A,H,H,H,H,H,H,H,H,H,H,H,A,A,A,A,A,A,A,A,A,A,A,A,H,H,H,H,H,H,H,H,H,H,H,H,A,A,A,A,A,A,A,A,A,A,A,A,A,A,H,H,H,H,H,H,H,H,A,A,A,A,A,A,A,A,A,A,A,A,A,A,A,A,A,H,H,H,H,A,A,A,A,A,A,A,A,A,A,A,A,A,A,A,A,A,A
3070,A,A,A,H,H,H,H,H,H,H,H,H,H,H,H,H,H,H,H,H,H,H,H,H,H,H,A,A,A,A,A,A,A,A,A,A,A,A,A,A,A,A,A,A,A,A,A,A,A,A,A,H,H,H,H,H,H,H,H,H,H,H,H,H,H,A,A,A,A,A,A,A,A,A,A,A,A,A,A,A,A,A,A,A,A,A,A,A,A,A,A,A,A,A,A,A,A,A,A,A,A,A,A,A,A,A,A,A,H,H,H,H,H,H,H,H,H,H,H,H,H,A,A,A,A,A,A,A,A,A,A,A,A,A,A,A,A,A,A,A,A,A,A,A,A,A,A,A,A,A,A,A,A,A,A,A,H,H,H,H,H,H,H,H,H,A,A,A,A,A,A,A,A,A,A,A,A,A,A,A,A,A,A,H,H,H,H,H,H,H,H,H,H,H,H,H,H,H,H,H,H,H,H,H,H,H,H,H,H,H,H,H,H,H,H,H,H,H,H,H,H,H,A,A,A,A,H,H,H,H,H,H,H,A,A,A,A,A,A,A,A,A,A,A,A,A,A,A,A,A,A
3071,H,H,H,H,H,H,H,H,H,H,H,H,H,A,A,A,A,A,A,A,A,H,H,H,H,H,H,A,A,A,A,A,A,A,A,A,H,H,H,H,H,H,H,H,H,H,A,A,A,A,A,A,A,A,H,H,H,H,H,H,H,H,H,H,H,H,H,A,A,A,A,A,A,A,A,A,A,A,A,H,H,H,H,H,H,H,H,H,H,H,H,H,H,H,H,H,H,H,A,A,A,A,A,A,A,A,A,H,A,A,A,A,A,A,A,A,A,A,H,H,H,A,A,A,A,A,A,A,A,H,H,H,H,H,H,H,H,H,H,H,H,H,H,H,H,H,H,A,A,A,A,A,A,A,A,A,H,H,H,H,H,H,H,H,H,H,H,H,H,H,H,H,H,H,H,H,H,H,H,H,H,H,H,H,H,H,H,H,H,H,H,H,H,H,H,H,H,H,H,H,H,H,H,H,H,H,A,A,A,A,A,A,H,H,H,H,H,H,H,H,H,H,A,A,A,A,A,A,A,H,H,A,A,A,A,A,A,A,A,A,A,A,A,A,A,A,A,A,A,A,A
3072,A,A,A,A,A,A,A,A,A,A,A,A,A,A,A,A,H,H,H,H,H,H,H,H,H,H,H,H,H,H,H,H,H,H,H,H,H,H,H,H,H,H,A,A,A,A,A,A,A,A,A,H,H,H,H,A,A,A,A,A,A,A,A,A,A,H,H,H,H,H,H,H,A,A,A,A,A,A,A,A,A,A,A,A,A,A,A,A,A,H,H,H,H,H,A,A,A,A,A,A,A,A,A,A,A,A,A,A,A,A,A,A,H,H,H,H,H,H,A,A,A,A,A,A,A,A,A,A,A,A,H,H,H,H,H,H,H,H,H,H,H,H,H,H,H,H,H,H,H,H,H,H,H,H,H,H,H,H,H,H,H,H,H,H,H,A,A,A,A,H,H,H,H,H,H,H,H,H,H,H,H,H,H,H,H,H,H,H,H,H,H,H,H,H,H,H,H,H,A,A,A,A,A,A,H,H,H,H,H,H,H,H,H,H,H,H,H,H,A,A,A,A,H,H,H,H,H,H,H,H,H,H,H,A,A,A,A,A,A,A,A,A,A,A,A,A,A,A,A,A,A
3073,H,A,A,A,A,A,A,A,A,A,A,A,A,A,A,A,A,A,A,A,A,A,A,A,A,A,A,A,A,A,A,A,A,A,A,H,H,H,H,H,H,H,H,H,H,H,H,H,H,H,H,H,H,H,H,A,A,A,A,A,A,A,A,A,A,A,A,A,A,A,A,A,A,A,A,A,A,A,A,A,A,A,A,A,H,H,H,H,H,H,H,H,H,A,A,A,A,A,A,A,A,A,A,A,A,A,H,H,A,A,A,A,A,A,A,A,H,H,H,H,H,H,H,H,A,A,A,A,A,A,A,A,A,A,A,A,A,A,-,A,H,H,A,A,A,A,A,A,A,A,A,A,A,H,H,H,H,H,H,H,H,H,H,H,H,H,H,H,H,H,H,H,H,H,H,H,H,H,H,H,H,H,H,H,H,H,H,H,H,A,A,A,A,A,A,A,A,A,A,A,A,A,A,H,H,H,H,H,H,H,H,A,A,A,A,A,A,A,A,A,A,A,A,A,A,A,A,A,A,A,A,H,H,A,A,A,A,A,A,A,A,A,A,A,A,A,A,A,A,A,A
3076,H,H,H,H,H,A,A,A,A,A,A,A,A,A,A,A,A,A,A,A,A,A,A,A,A,A,A,A,A,A,A,A,A,A,A,A,A,A,A,A,A,A,A,A,A,A,A,A,A,A,A,H,H,H,A,A,A,A,A,A,A,A,A,A,A,A,A,H,H,H,H,H,H,H,H,H,H,H,H,A,A,A,A,-,A,A,A,H,H,H,H,H,H,H,H,H,H,H,H,H,H,H,H,H,H,H,H,H,A,A,A,A,A,A,A,A,H,H,H,H,H,H,H,H,H,H,H,H,H,A,A,A,A,A,A,A,A,A,A,A,A,A,H,H,H,H,H,H,H,H,A,A,A,A,-,A,H,H,H,H,H,H,H,H,H,H,H,H,H,H,H,A,A,A,A,A,A,H,H,H,H,H,H,H,H,H,H,H,H,H,-,H,H,H,H,H,H,H,H,H,H,H,H,H,A,A,A,A,A,A,A,A,H,H,H,H,H,H,H,H,H,H,A,A,A,A,A,A,A,A,A,A,A,A,A,A,A,A,A,A,A,A,A,A,A,A,A,A,A,A,A
3077,A,A,A,A,A,A,A,A,A,A,A,A,A,A,A,A,A,A,A,A,A,A,A,A,A,A,A,A,A,A,A,A,A,A,A,H,H,H,H,H,H,H,H,H,H,H,H,H,H,H,H,H,H,H,H,H,H,A,A,A,A,A,A,A,A,A,A,A,A,A,A,A,A,A,A,A,A,A,A,A,A,A,A,A,A,A,A,A,A,A,A,A,A,A,H,H,H,H,H,H,H,H,H,H,H,H,H,A,A,A,A,A,H,H,H,H,A,A,H,H,H,H,H,A,A,A,A,A,A,H,H,H,H,H,H,A,A,A,A,A,A,A,H,H,H,H,H,H,H,H,H,H,H,H,H,A,H,H,H,H,H,H,H,H,H,H,H,H,H,H,H,H,H,H,H,H,H,H,H,H,H,H,H,A,A,A,A,A,A,A,A,A,A,A,A,A,A,A,A,A,A,A,A,H,H,H,H,H,H,A,A,A,H,H,H,H,H,H,H,A,A,A,A,A,A,A,A,A,A,H,H,H,H,A,A,A,A,A,A,A,A,A,A,A,A,A,A,A,A,A,A
3078,H,H,H,H,H,H,H,-,H,H,H,H,H,H,H,H,A,A,H,H,H,H,H,H,H,H,H,H,H,H,H,H,H,H,H,A,A,A,A,H,H,H,H,H,H,H,H,H,H,A,A,H,H,H,H,H,H,H,H,H,H,A,A,A,A,A,A,A,A,A,A,A,H,H,H,H,H,H,H,H,H,H,H,H,H,H,H,H,H,H,H,H,H,H,A,A,A,A,A,A,A,A,A,A,A,A,A,H,H,H,H,H,H,H,H,H,H,H,A,A,A,A,A,A,H,H,H,H,H,H,H,H,H,H,H,A,A,A,A,A,A,A,A,A,A,A,A,A,A,A,A,A,A,A,A,A,A,A,A,A,A,A,A,A,A,A,H,H,H,H,H,H,H,H,H,H,H,H,H,H,H,H,H,H,H,H,H,H,H,H,A,A,A,A,A,A,A,A,A,A,A,A,A,A,H,H,H,H,H,H,H,H,H,H,H,H,H,H,H,H,H,H,A,A,A,A,A,A,H,A,A,A,A,A,A,A,A,A,A,A,A,A,A,A,A,A,A,A,A,A,A
3079,A,A,A,H,H,H,H,H,H,H,H,H,H,H,H,H,H,H,A,A,A,A,A,H,H,H,H,H,H,H,H,H,H,H,H,A,A,A,A,A,A,A,A,A,A,A,A,A,A,A,A,H,H,H,H,H,H,H,H,H,H,H,H,H,H,H,H,A,A,A,A,A,H,H,H,H,H,H,A,H,H,H,H,H,H,H,H,H,H,H,H,H,H,H,H,H,-,H,H,H,H,H,H,H,H,H,H,H,A,A,A,A,A,A,A,A,A,A,H,H,H,H,H,H,H,H,H,H,H,H,H,H,H,H,H,A,A,A,A,A,A,A,H,H,H,H,H,H,H,H,H,H,H,H,H,H,H,A,A,A,A,A,A,H,H,H,H,H,H,A,A,A,A,A,A,A,H,A,A,A,A,A,A,A,A,A,A,H,H,H,H,H,H,A,A,A,A,A,A,A,A,A,A,H,H,H,H,H,H,H,H,H,A,A,A,A,A,A,H,H,H,H,A,A,A,A,A,A,H,H,H,H,A,A,A,A,A,A,A,A,A,A,A,A,A,A,A,A,A,A,A
3081,A,-,A,-,A,A,A,A,A,A,A,A,A,A,A,A,A,A,A,A,-,H,H,H,H,H,H,H,H,H,H,H,H,H,H,A,A,A,A,A,A,A,-,A,A,-,A,A,A,A,-,H,H,H,H,H,H,H,H,H,A,A,A,A,A,A,-,A,A,A,A,A,A,-,-,A,A,A,A,H,H,H,H,H,H,H,H,H,H,-,H,H,H,H,-,H,H,H,H,H,H,H,H,H,H,H,H,H,H,H,H,H,-,-,H,H,H,-,A,A,A,A,A,A,A,A,A,A,A,A,H,H,H,H,H,H,H,H,H,H,H,H,A,A,A,A,A,A,A,A,A,A,A,A,A,A,-,A,A,A,A,A,A,A,-,H,H,H,H,H,H,H,H,H,H,H,H,A,-,A,A,A,-,A,A,-,A,A,-,A,H,H,H,H,H,H,H,H,-,H,H,H,H,A,A,A,A,A,A,A,A,A,A,A,A,A,A,-,A,A,A,A,A,A,A,A,A,A,A,H,H,H,H,A,A,A,A,-,A,-,A,A,A,A,A,A,A,A,A,A,A
3083,H,H,H,H,H,A,A,A,A,A,A,A,A,H,H,H,H,H,H,H,H,H,H,H,H,H,H,H,A,A,A,A,A,A,A,A,A,A,A,A,A,H,H,H,H,H,H,H,H,H,H,A,H,H,H,H,-,H,H,H,H,H,H,H,H,A,A,A,A,A,A,A,A,A,A,A,H,H,H,H,H,H,A,A,A,A,A,A,A,A,A,H,H,H,H,H,H,H,H,H,H,H,H,H,H,H,H,H,A,A,A,A,H,H,H,H,H,H,A,A,A,A,A,A,A,A,A,A,A,A,A,A,A,A,A,A,H,H,H,H,H,H,H,H,H,H,H,H,H,H,H,H,H,H,H,H,H,H,H,H,H,H,H,H,H,H,H,H,H,A,A,A,A,A,A,A,A,A,A,A,A,A,A,A,A,A,A,A,A,A,A,A,A,A,A,A,A,A,A,A,A,A,A,A,A,A,A,A,A,A,A,A,A,A,A,A,H,H,H,H,H,A,H,H,H,H,H,H,H,A,A,A,A,A,A,A,A,A,A,A,A,A,A,A,A,A,A,A,A,A,A
3084,A,A,A,A,A,H,H,H,H,H,H,H,H,H,H,H,H,A,A,A,A,A,A,A,A,A,H,H,H,H,H,H,H,H,H,H,H,H,H,A,A,A,A,A,A,A,A,A,A,H,H,H,H,H,H,H,H,H,H,H,H,H,H,H,H,A,A,H,H,H,H,H,A,A,A,A,A,A,A,A,A,A,A,A,A,A,A,A,A,H,H,A,A,A,A,H,H,H,H,H,H,H,H,H,H,H,H,A,H,H,H,H,H,H,H,H,H,A,A,A,A,A,A,A,A,A,A,A,A,H,H,H,H,A,A,A,A,A,A,A,A,A,A,A,A,A,A,A,A,A,A,A,A,A,A,H,A,A,A,A,A,A,A,A,A,A,A,A,A,A,A,A,A,A,H,H,H,H,H,H,H,H,H,H,H,H,H,H,H,H,A,A,A,A,A,A,A,A,A,A,A,A,A,H,H,H,H,H,H,H,H,H,H,H,H,H,H,H,H,H,H,H,H,H,H,H,H,H,H,H,H,A,A,A,A,A,A,A,A,A,A,A,A,A,A,A,A,A,A,A,A
3086,H,A,A,A,A,A,A,A,A,A,A,A,A,A,A,A,A,A,A,A,A,A,A,A,A,A,A,A,A,A,A,A,A,A,A,H,H,H,H,H,H,H,H,H,H,H,H,H,H,H,H,H,H,H,H,H,H,H,H,H,H,H,H,H,H,A,A,A,A,A,A,A,H,H,H,H,A,A,A,H,H,H,A,A,A,A,A,A,A,A,A,A,A,A,A,A,A,A,A,A,H,H,H,H,H,H,H,H,H,H,H,H,A,A,A,A,A,A,A,A,A,A,A,A,A,H,H,H,H,H,H,H,H,H,H,H,H,A,A,A,A,A,H,A,A,A,A,A,A,A,A,A,A,A,A,A,H,H,H,H,H,H,H,H,H,H,H,H,H,H,A,A,A,A,A,A,A,A,A,H,H,H,H,H,H,H,H,H,H,H,A,A,A,A,A,A,A,A,A,A,A,A,A,H,H,H,H,H,H,H,H,H,H,H,H,H,H,H,H,H,H,H,A,A,A,A,A,A,A,H,H,H,H,A,A,A,A,A,A,A,A,A,A,A,A,A,A,A,A,A,A
3087,A,A,A,A,A,A,A,A,A,A,A,A,A,A,A,A,A,A,H,H,H,H,H,H,H,H,H,H,H,H,H,H,H,H,H,A,A,A,A,A,A,A,A,A,A,A,A,A,A,A,A,A,A,A,H,H,H,H,H,H,H,H,H,H,H,H,H,H,H,H,H,H,H,H,A,A,A,A,A,H,H,H,H,H,H,H,H,A,A,A,A,A,A,A,A,A,A,A,A,A,A,A,A,H,H,H,H,H,A,A,A,A,A,A,A,A,A,A,A,A,A,A,A,A,A,A,A,A,A,A,A,A,A,A,A,A,A,A,A,A,A,A,A,A,A,A,A,A,A,A,A,A,A,A,A,A,A,A,A,A,A,A,A,A,A,H,H,H,H,A,A,A,A,A,A,A,A,H,H,H,H,H,A,A,A,A,A,A,A,A,A,A,A,A,A,A,A,A,A,A,A,A,A,H,A,A,A,A,A,A,A,A,A,A,A,A,A,A,A,A,A,A,H,H,H,H,A,A,A,A,A,A,A,A,A,A,A,A,A,A,A,A,A,A,A,A,A,A,A,A,A
3088,H,H,H,H,H,H,H,H,H,H,H,H,H,H,H,H,H,H,A,A,A,A,A,A,A,A,A,A,A,A,A,A,A,A,A,A,A,A,A,A,A,A,A,A,A,A,A,A,A,A,A,A,A,A,A,A,A,A,A,A,A,A,A,A,A,H,H,A,A,A,A,A,A,H,H,H,H,H,H,A,A,H,H,H,H,H,H,H,H,H,H,A,A,A,A,A,A,A,A,A,A,A,A,A,A,A,A,A,H,H,H,H,H,H,H,A,A,A,A,A,A,A,A,A,A,A,A,A,A,A,H,H,H,H,H,H,H,H,H,H,H,H,H,A,A,A,A,A,A,A,A,A,A,A,H,H,A,A,A,A,A,A,A,A,A,A,A,A,A,A,A,H,H,H,H,H,H,A,A,A,A,A,A,A,A,A,A,A,A,A,H,-,H,H,H,H,H,H,H,A,A,A,H,A,A,A,A,A,A,A,A,A,H,H,H,H,H,H,A,A,A,A,A,A,A,A,A,A,A,H,H,H,H,A,A,A,A,A,A,A,A,A,A,A,A,A,A,A,A,A,A
3089,H,H,H,H,H,H,H,H,H,H,H,H,H,H,H,H,H,H,A,A,A,H,H,H,H,H,H,H,H,H,H,H,H,A,A,H,H,H,H,H,H,H,H,H,H,H,H,H,H,H,H,A,A,A,H,H,H,H,H,H,H,H,H,H,H,H,H,H,H,H,H,H,H,H,H,H,H,H,H,A,A,A,A,A,A,A,A,A,A,A,H,A,A,A,A,A,A,A,A,A,A,A,A,A,A,A,A,H,A,A,A,A,A,A,A,A,A,A,H,H,H,H,H,H,H,H,H,H,H,H,A,A,A,A,A,H,H,H,H,H,H,H,A,A,A,A,A,A,A,A,A,A,A,H,H,H,A,A,A,A,A,A,A,A,A,A,A,A,A,H,H,H,H,H,H,H,A,A,A,A,A,A,A,A,A,A,A,A,A,A,H,H,H,H,H,H,H,H,H,H,H,H,H,H,H,H,H,H,H,H,A,A,A,A,A,A,A,A,A,A,A,A,A,A,A,A,A,A,A,H,H,H,H,A,A,A,A,A,A,A,A,A,A,A,A,A,-,A,A,A,A
3090,H,H,H,H,H,H,H,H,H,H,H,H,H,H,H,H,H,A,H,H,H,H,H,H,H,H,H,H,H,H,H,H,H,H,H,H,H,H,H,H,H,H,H,H,H,H,H,H,H,H,H,H,H,H,H,H,H,H,H,H,H,H,H,H,H,H,H,H,H,H,H,H,H,H,H,H,A,A,A,A,A,H,H,H,H,H,H,A,A,A,A,A,A,A,A,A,A,A,A,A,A,A,A,A,A,A,A,A,H,H,H,H,H,H,H,H,H,H,H,H,H,H,H,H,H,H,H,H,H,H,A,A,A,A,A,H,H,H,H,H,H,H,A,A,A,H,H,H,H,H,H,H,H,H,H,H,A,A,A,A,A,A,A,A,A,A,A,A,A,A,A,A,A,A,A,H,H,A,A,A,A,A,A,A,A,A,A,A,A,A,A,A,A,A,A,A,A,A,A,A,A,A,A,A,A,A,A,A,H,H,H,H,H,H,H,H,A,A,A,A,A,A,H,H,H,H,H,H,H,A,A,A,A,A,A,A,A,A,A,A,A,A,A,A,A,A,A,A,A,A,A
3091,A,H,H,H,H,H,H,H,H,H,H,H,H,A,A,A,A,A,A,A,A,A,A,A,A,A,A,A,A,A,A,A,A,A,A,H,H,H,H,H,H,H,H,H,H,H,H,H,H,H,H,H,H,H,H,H,H,H,H,H,H,H,H,H,H,H,A,H,H,H,H,H,H,H,H,H,H,H,H,A,A,A,A,A,A,A,A,A,A,A,H,A,A,A,A,A,A,A,A,A,A,A,A,A,H,H,H,H,A,A,A,A,A,A,A,A,H,H,A,A,A,A,A,A,A,A,A,A,A,A,A,A,A,A,A,A,A,A,A,A,A,A,A,A,A,A,A,A,H,H,H,H,H,H,H,H,A,A,A,A,A,A,A,A,A,A,A,A,A,A,A,A,A,A,A,A,A,H,H,H,H,H,H,H,H,H,H,H,H,H,H,H,H,H,H,H,H,H,H,H,A,A,A,H,H,H,H,H,H,H,H,A,A,A,A,A,A,A,A,A,A,A,A,A,A,A,A,A,A,H,H,H,H,A,A,A,A,A,A,A,A,A,A,A,A,A,A,A,A,A,A
3092,A,A,A,A,A,A,H,H,H,H,H,H,H,H,H,H,H,H,H,H,H,A,A,A,A,A,A,A,A,A,A,H,H,H,H,H,H,H,H,H,H,H,H,H,H,H,H,H,H,A,A,H,H,H,H,H,H,H,H,H,H,H,H,H,H,A,A,H,H,H,H,H,H,H,H,H,H,H,H,A,A,A,A,A,A,A,A,A,A,A,A,H,H,A,A,A,A,A,A,A,A,A,A,A,A,A,A,A,H,H,H,H,H,H,H,H,H,H,A,A,A,A,A,A,A,A,A,A,A,H,H,H,H,A,A,A,A,A,A,A,A,A,H,H,H,H,H,H,H,H,H,H,H,H,H,H,A,A,A,A,A,A,A,A,A,H,H,H,H,H,H,H,H,H,H,H,H,A,A,A,A,A,A,A,A,A,A,A,A,A,A,A,A,A,A,A,A,A,H,H,H,H,H,A,H,H,H,H,H,H,H,H,A,A,A,A,A,A,A,A,A,A,A,A,A,A,A,A,A,H,H,H,H,A,A,A,A,A,A,A,A,A,A,A,A,A,A,A,A,A,A
3093,A,A,A,A,A,A,A,A,A,A,A,A,A,A,A,A,A,A,H,H,H,H,H,A,A,A,A,A,A,A,A,A,A,H,H,A,A,H,H,H,H,H,H,H,H,H,H,H,A,A,A,A,A,A,A,H,H,H,H,H,H,H,H,H,H,H,H,H,H,H,H,H,H,H,H,H,H,H,H,A,A,A,A,A,A,A,A,A,A,A,A,H,H,H,H,H,H,H,H,H,H,H,H,H,H,H,H,H,H,H,H,H,H,H,H,H,H,H,A,A,A,A,A,A,H,H,H,H,H,H,H,H,H,H,H,H,H,H,H,H,H,H,H,H,H,H,H,H,H,H,H,H,H,H,H,H,A,A,A,A,A,A,A,A,A,A,A,A,A,H,H,H,H,H,H,H,H,H,H,H,H,H,H,H,H,H,H,A,A,A,H,H,H,H,H,H,H,H,H,H,H,H,H,A,A,A,A,A,A,A,A,A,A,A,A,A,A,A,A,A,A,A,H,H,H,H,A,A,A,A,A,A,A,A,A,A,A,A,A,A,A,A,A,A,A,A,A,A,A,A,A
3094,H,A,A,A,A,A,A,A,A,A,A,A,A,A,A,A,A,A,A,A,A,A,A,A,H,H,H,H,H,H,H,H,H,H,H,A,A,A,A,A,A,A,A,A,A,A,H,H,H,H,H,H,H,H,H,H,H,A,A,A,A,A,A,A,A,H,H,H,H,H,H,H,H,H,A,A,A,A,A,H,H,H,H,H,H,H,H,H,H,H,A,A,A,A,A,A,A,A,A,H,H,H,H,H,H,H,H,H,A,A,A,A,A,A,A,A,A,H,H,H,H,H,H,H,A,A,A,A,A,A,A,A,A,A,A,A,A,A,A,A,A,A,H,H,H,A,A,A,A,A,A,A,A,A,H,H,H,H,H,H,H,H,H,H,H,H,H,H,H,A,A,H,H,H,H,H,H,H,H,H,H,H,H,A,A,A,A,A,A,A,H,H,H,H,H,H,H,H,H,H,H,H,H,H,H,H,A,A,A,A,A,A,H,H,H,H,A,A,A,A,A,A,H,H,H,H,A,A,A,A,A,A,A,A,A,A,A,A,A,A,A,A,A,A,A,A,A,A,A,A,A
3096,H,H,H,H,H,H,A,A,A,A,A,A,A,A,A,A,A,A,A,A,A,A,A,A,A,A,A,A,A,A,A,A,A,A,A,A,A,A,A,A,A,A,A,A,A,A,H,H,H,H,H,H,H,H,H,A,A,A,A,A,A,A,A,A,A,A,A,A,A,A,A,A,A,A,A,A,A,H,H,A,A,A,A,A,A,A,A,A,A,H,H,H,H,H,H,H,H,H,H,H,H,H,H,H,H,H,H,H,A,A,A,A,A,H,H,H,H,H,H,H,H,A,A,A,A,A,A,A,A,H,A,A,A,A,A,A,A,A,-,A,A,A,H,H,H,H,H,H,H,H,H,H,H,H,H,H,H,H,H,H,H,H,H,H,H,H,H,H,H,H,H,H,H,H,H,H,H,H,H,H,H,H,H,H,H,H,H,A,A,A,H,H,H,H,H,H,H,H,A,A,A,A,A,H,A,A,A,A,A,A,A,A,H,A,A,A,A,A,A,A,A,A,H,H,H,A,A,A,A,A,A,H,H,A,A,A,A,A,A,A,A,A,A,A,A,A,A,A,A,A,A
3097,A,A,A,A,A,A,A,A,A,A,A,A,A,A,A,A,A,A,H,H,H,H,H,H,H,H,H,H,H,H,H,H,H,H,H,H,H,H,H,H,H,H,H,H,H,H,H,H,H,H,H,A,A,A,A,A,-,A,A,A,A,A,H,H,H,H,H,A,A,A,A,A,A,A,A,A,H,H,H,A,A,A,A,A,A,A,A,A,A,A,A,H,H,H,H,H,H,H,H,H,H,H,H,H,H,H,H,H,A,A,A,A,A,A,A,A,A,A,A,A,A,A,A,A,A,A,H,H,H,H,H,H,H,H,A,A,A,A,A,A,A,A,A,A,A,A,H,H,H,H,H,H,H,H,H,H,H,H,H,H,H,H,H,H,H,H,H,H,H,A,A,A,A,A,A,A,A,H,H,H,H,H,H,H,H,H,H,H,H,H,H,H,H,H,H,H,H,H,H,H,H,H,H,A,A,A,A,A,H,H,H,H,H,H,H,H,H,H,H,H,H,H,H,H,H,H,H,H,H,A,H,H,H,A,A,A,A,A,A,A,A,A,A,A,A,A,A,A,A,A,A
3098,H,H,H,H,H,H,H,H,H,H,H,H,H,H,H,H,H,H,H,H,H,H,H,H,H,H,H,H,H,H,H,H,H,H,H,H,H,H,H,H,H,H,H,H,H,H,H,H,H,H,H,H,H,H,A,A,A,A,A,A,A,A,A,A,A,A,H,A,A,A,A,A,A,H,H,H,H,H,H,H,H,H,H,H,A,A,A,A,A,A,A,H,H,A,A,A,A,A,A,A,A,A,A,A,A,A,A,A,A,A,A,A,A,A,A,A,A,A,A,A,A,A,A,A,A,A,A,A,A,A,H,H,H,H,H,H,H,H,H,H,H,H,H,H,H,H,H,A,A,A,A,A,A,A,A,A,H,H,H,H,H,H,H,H,H,H,H,H,H,H,H,H,H,H,H,H,H,A,A,A,A,A,A,A,A,A,A,A,A,A,H,H,H,H,H,H,H,H,H,H,H,H,H,H,H,H,H,H,H,H,H,A,H,A,A,A,A,A,A,H,A,A,H,H,H,H,H,H,H,H,H,H,H,A,A,A,A,A,A,A,A,A,A,A,A,A,A,A,A,A,A
3099,A,A,A,A,A,A,A,A,A,A,A,A,A,A,A,A,A,A,A,A,A,A,A,A,-,A,A,A,A,A,A,A,A,A,A,H,H,H,H,H,H,A,A,A,A,A,A,A,A,A,A,H,H,H,H,H,H,H,H,H,H,H,A,A,A,A,A,A,A,A,A,A,A,A,A,A,A,A,A,H,H,H,H,H,H,H,H,H,H,H,H,H,H,H,H,H,H,H,H,H,H,H,H,H,H,H,H,H,A,A,A,A,A,H,H,H,H,A,H,H,H,H,H,A,A,A,A,A,A,-,H,H,H,H,H,H,H,H,H,H,H,H,H,H,H,H,H,H,H,H,H,H,H,H,H,H,H,H,H,H,H,H,H,H,H,H,H,H,H,H,H,H,H,H,H,H,H,A,A,A,A,A,A,A,A,A,A,A,H,H,H,H,H,H,H,H,H,H,H,H,H,H,H,A,A,A,A,A,A,A,A,A,H,H,H,H,H,A,A,A,A,A,H,H,H,H,H,H,H,A,A,A,A,A,A,A,A,A,A,A,A,A,A,A,A,A,A,A,A,A,A
3100,H,H,H,H,H,H,H,H,H,H,H,H,H,H,H,H,A,A,A,A,A,A,A,A,A,A,H,H,H,H,H,A,A,A,A,A,A,A,A,A,A,A,A,A,A,A,A,A,A,A,A,A,A,A,A,A,A,A,A,A,A,A,A,A,A,A,A,A,A,A,A,A,A,A,A,A,A,A,A,H,H,A,A,A,A,A,A,A,A,H,H,A,A,A,A,A,A,A,A,A,A,A,A,A,A,A,A,A,A,A,A,A,A,H,H,H,H,H,A,A,A,A,A,A,H,H,H,H,H,H,A,A,A,A,A,H,H,H,H,H,H,H,A,A,A,A,A,A,H,H,H,H,H,H,H,H,A,A,A,A,A,A,A,A,A,A,A,A,A,H,H,A,A,A,A,A,A,H,H,H,H,H,H,H,H,H,H,H,A,A,A,A,A,A,A,A,A,A,A,A,A,A,A,A,A,H,H,H,H,H,H,H,H,H,H,H,H,H,H,H,A,A,H,H,H,H,H,H,H,A,A,H,H,A,A,A,A,A,A,A,A,A,A,A,A,A,A,A,A,A,A
3101,A,A,A,A,A,A,A,A,A,A,A,A,A,A,A,A,A,A,A,A,A,A,A,A,A,A,A,A,A,A,A,A,A,A,A,A,A,H,H,H,H,H,H,H,H,H,H,H,A,A,A,A,A,A,A,A,A,A,A,A,A,A,A,A,A,A,H,A,A,A,A,A,A,A,A,A,A,H,H,H,H,H,H,H,H,H,H,H,H,H,H,A,A,A,A,A,A,A,A,A,A,A,A,A,A,A,A,A,H,H,H,H,H,H,H,H,H,H,H,H,H,H,H,H,H,H,H,H,H,H,A,A,A,A,A,A,A,A,A,A,A,A,A,A,A,A,A,A,A,A,A,A,A,A,A,A,H,H,H,H,H,H,H,H,H,H,H,H,H,H,H,H,H,H,H,H,H,H,H,H,H,H,H,H,H,H,H,H,H,H,H,H,H,H,H,H,H,H,H,H,H,H,H,H,H,H,H,H,H,H,H,A,H,H,H,H,H,A,A,A,A,A,A,A,A,A,A,A,A,A,H,H,H,A,A,A,A,A,A,A,A,A,A,A,A,A,A,A,A,A,A
3102,H,H,H,H,A,A,A,A,A,A,A,A,A,A,A,A,A,A,H,H,A,A,A,A,A,A,A,A,A,A,A,A,A,A,A,H,H,H,H,H,H,H,H,H,H,H,A,A,A,A,A,A,A,A,A,A,A,A,A,A,A,A,A,A,A,A,A,H,H,H,H,H,H,H,H,H,H,H,H,H,H,H,H,H,H,H,H,H,H,H,H,H,H,H,H,H,H,H,H,H,H,H,H,H,H,H,H,H,A,A,A,A,A,A,A,A,A,A,A,A,H,H,H,H,H,H,H,H,H,H,H,H,H,H,H,H,H,H,H,H,H,H,A,A,A,A,A,A,A,A,A,A,A,A,A,H,A,A,A,A,A,A,A,A,A,A,A,A,A,H,H,H,H,H,H,H,A,A,A,A,A,A,A,A,A,A,A,A,A,A,H,H,H,H,H,H,H,H,H,A,A,A,A,H,H,H,H,H,A,A,A,A,H,H,H,H,H,H,H,H,H,H,A,A,A,A,A,A,A,H,H,H,H,A,A,A,A,A,A,A,A,A,A,A,A,A,A,A,A,A,A
3103,H,H,H,H,H,H,H,H,H,H,H,H,H,H,H,H,H,H,A,A,A,A,H,H,H,H,H,H,H,H,H,H,H,H,H,A,A,A,A,H,H,H,H,H,H,H,H,H,H,A,A,A,A,A,A,A,A,A,A,A,A,A,A,A,A,A,A,A,A,A,A,A,A,A,A,A,A,A,A,H,H,H,H,H,H,H,H,H,H,H,H,A,A,A,A,A,A,A,A,A,A,A,A,A,A,H,H,H,A,A,A,A,A,A,A,A,H,H,H,H,H,H,H,H,H,H,H,H,H,-,A,A,A,A,A,H,H,H,H,H,H,H,H,H,H,H,H,H,H,H,H,H,H,H,H,H,A,A,A,A,A,A,A,A,A,A,A,A,H,H,H,H,H,H,H,H,H,A,A,A,A,H,H,H,H,H,H,H,H,H,H,H,H,H,H,H,H,H,H,H,H,H,H,H,A,A,A,A,A,A,A,A,A,A,A,A,A,A,H,H,H,H,A,A,A,H,H,H,H,A,A,A,A,A,A,A,A,A,A,A,A,A,A,A,A,A,A,A,A,A,A
3104,H,H,A,A,A,A,A,A,A,A,A,A,A,A,A,A,A,A,H,H,A,A,A,A,A,A,A,A,A,A,A,A,A,A,A,H,H,A,A,A,A,A,A,A,A,A,A,A,A,A,A,H,H,H,H,H,H,H,H,H,H,H,H,H,H,H,H,H,H,H,H,H,H,H,H,H,A,A,A,A,A,A,A,A,A,A,A,A,A,A,A,H,H,H,H,H,H,H,H,H,H,H,H,H,H,H,H,H,A,A,A,A,A,A,A,A,A,A,H,H,H,H,H,H,H,H,H,H,H,H,H,H,A,A,A,A,A,A,A,A,H,H,A,A,A,A,A,A,A,A,A,A,A,A,A,A,A,A,A,A,A,A,A,H,H,H,H,H,H,H,H,H,H,H,H,H,H,A,A,H,H,H,H,H,H,H,H,H,H,H,A,A,A,A,H,H,H,H,H,H,H,A,A,A,A,A,A,A,A,A,A,A,A,A,A,A,A,A,A,A,A,A,A,A,A,A,A,A,A,A,A,A,A,A,A,A,A,A,A,A,A,A,A,A,A,A,A,A,A,A,A
3106,A,A,A,A,A,A,A,A,A,A,A,A,A,A,A,A,A,A,A,A,H,H,H,H,H,H,H,H,H,H,H,H,H,H,H,H,H,A,A,A,A,A,A,A,A,A,A,A,A,A,A,H,H,H,H,H,-,H,H,H,H,H,A,A,A,A,A,A,A,A,A,A,A,A,A,A,A,A,A,H,H,H,H,H,H,H,H,H,H,H,H,H,H,H,H,H,H,H,H,H,H,H,H,H,H,H,H,H,H,H,H,H,H,H,H,A,A,A,A,A,A,A,A,A,A,A,A,A,A,A,H,H,H,H,H,H,H,H,H,H,H,H,A,A,A,A,A,A,A,A,A,A,A,A,A,A,H,H,H,H,H,H,H,H,H,H,H,H,H,A,A,A,A,A,A,A,A,H,H,H,H,H,H,H,H,H,H,H,H,H,A,A,A,A,A,A,A,A,A,A,A,A,A,H,H,H,H,H,H,H,H,H,H,H,H,H,H,H,H,H,H,H,A,A,A,A,A,A,A,A,A,A,A,A,A,A,A,A,A,A,A,A,A,A,A,A,A,A,A,A,A
3116,H,H,H,H,H,A,A,A,A,A,A,A,A,A,A,A,A,A,H,H,H,H,H,H,H,H,H,H,H,H,H,H,H,H,H,H,H,H,H,H,H,H,H,H,H,H,A,A,A,A,A,H,H,H,H,H,H,H,H,H,H,H,H,H,H,H,H,H,H,H,H,H,H,H,H,H,H,H,A,H,H,H,H,H,H,H,H,H,H,H,A,A,A,H,H,H,H,H,H,H,H,H,H,H,A,A,A,A,H,H,H,H,H,H,H,H,A,A,H,H,H,H,H,H,A,A,A,A,A,A,H,H,H,H,H,H,H,H,H,H,H,H,H,H,H,H,H,H,H,H,H,H,H,H,H,H,H,H,H,A,A,A,A,A,A,A,A,A,A,H,A,A,A,A,A,A,A,A,A,A,A,A,A,A,A,A,A,A,H,H,H,H,H,H,H,H,H,H,H,H,H,H,H,H,H,H,H,H,H,H,H,H,H,H,H,H,H,H,H,H,H,H,H,H,H,H,H,H,H,A,A,H,H,A,A,A,A,A,A,A,A,A,A,A,A,A,A,A,A,A,A
3117,A,H,H,H,H,H,H,H,H,H,H,H,H,H,H,H,H,H,A,A,H,H,H,H,H,H,H,H,H,H,H,H,H,H,H,H,H,H,H,H,H,H,H,H,H,H,H,H,H,H,H,H,H,H,H,H,H,H,H,H,H,H,H,H,H,H,H,A,A,A,A,A,H,H,H,H,H,A,A,H,H,H,A,A,A,A,A,A,A,H,H,A,A,A,A,A,A,A,A,A,A,A,A,A,A,A,A,A,H,H,H,H,H,H,H,H,H,H,A,A,A,A,A,H,H,H,H,H,H,A,H,H,H,H,H,H,H,H,H,H,H,H,A,A,A,A,A,A,A,A,A,H,H,H,H,H,A,A,A,A,A,A,A,A,A,H,H,H,H,A,A,A,A,A,A,A,A,H,H,H,H,H,H,H,H,H,H,H,H,H,A,A,A,A,A,A,A,A,A,A,A,A,A,A,H,H,H,H,H,H,H,A,H,H,H,H,H,H,H,H,H,H,A,A,A,A,H,H,H,H,H,H,H,A,A,A,A,A,A,A,A,A,A,A,A,A,A,A,A,A,A
3119,H,H,H,H,H,H,H,H,H,H,H,H,H,H,H,H,H,H,A,A,A,A,A,A,A,A,H,H,H,H,H,H,H,H,H,H,H,H,H,H,H,H,H,H,H,H,H,H,H,H,H,H,H,H,H,H,H,H,H,H,H,H,H,H,H,H,H,A,A,A,A,A,A,A,A,A,A,A,H,H,H,A,A,A,A,A,A,H,H,H,H,H,H,H,H,H,H,H,H,H,H,H,H,A,A,A,A,A,H,H,H,H,H,H,H,H,H,H,H,H,H,H,H,H,H,H,H,H,H,H,H,H,H,H,H,H,H,H,H,H,H,H,A,A,A,A,A,A,A,A,A,A,A,A,A,A,H,H,H,H,H,H,H,H,H,H,H,H,H,H,H,H,H,H,H,H,H,H,H,H,H,H,A,A,A,A,A,A,A,A,H,H,H,H,H,H,H,H,H,H,H,H,H,A,A,A,A,A,A,A,A,A,H,H,H,H,A,A,A,A,A,A,H,H,H,H,A,A,A,A,A,A,H,A,A,A,A,A,A,A,A,A,A,A,A,A,A,A,A,A,A
3120,H,H,H,H,H,H,H,H,H,H,H,H,H,H,H,H,H,H,A,A,A,A,A,A,A,A,A,A,A,A,A,A,A,A,A,A,A,A,A,A,A,A,A,A,A,A,A,A,A,H,H,A,A,A,A,H,H,H,H,H,H,H,H,H,H,H,H,A,A,A,A,A,A,A,A,A,A,A,A,A,A,H,H,H,H,H,H,A,A,A,A,A,A,A,A,A,A,A,A,A,A,A,A,A,A,A,A,H,H,H,H,H,H,H,H,H,H,H,A,A,A,A,A,A,A,A,A,A,A,A,A,A,A,A,A,A,A,A,A,A,A,A,H,H,H,A,A,A,A,A,A,A,A,A,A,A,A,A,A,A,A,A,A,A,A,A,A,A,A,A,A,A,A,A,A,A,A,H,H,H,H,H,H,H,H,H,H,H,H,H,H,H,H,H,H,H,H,H,H,H,H,H,H,H,H,H,H,H,H,H,H,H,A,H,H,H,H,H,H,H,H,H,A,A,A,A,H,H,H,H,H,H,H,A,A,A,A,A,A,A,A,A,A,A,A,A,A,A,A,A,A
3121,A,A,A,A,A,A,A,A,A,A,A,A,A,A,A,A,A,A,A,A,A,A,A,A,A,A,A,A,A,A,A,A,A,A,A,H,H,H,H,H,H,H,H,H,H,H,H,H,H,H,H,A,A,A,A,A,A,A,A,A,A,A,A,A,A,A,A,A,A,A,A,A,H,H,H,H,H,A,A,A,A,A,A,A,A,A,A,A,A,A,A,H,H,H,H,H,H,H,H,H,H,H,H,H,H,H,H,A,H,H,H,H,H,H,H,H,H,A,H,H,H,H,H,H,H,H,H,H,H,H,A,A,A,A,A,A,A,H,H,H,H,H,A,A,A,A,A,A,H,H,H,H,H,H,H,H,H,H,H,H,A,A,A,A,A,A,A,A,A,H,H,H,H,A,A,A,A,H,H,H,H,H,H,H,H,H,H,H,H,H,H,H,H,H,H,H,H,H,H,H,H,H,H,A,A,A,A,A,A,A,A,A,A,A,A,A,A,A,A,A,A,A,A,A,A,A,A,A,A,A,H,H,H,A,A,A,A,A,A,A,A,A,A,A,A,A,A,A,A,A,A
3122,A,A,A,A,H,H,H,H,H,H,H,H,H,H,H,H,H,H,A,A,A,A,H,H,H,H,H,H,H,H,H,H,H,A,A,A,A,A,A,A,A,A,A,A,A,A,A,A,A,A,A,H,A,A,A,A,A,A,A,A,A,A,A,A,A,A,H,A,A,A,A,A,H,H,H,H,H,H,H,A,A,A,H,H,H,H,H,H,A,A,A,H,H,H,H,H,H,H,H,H,H,H,H,H,H,H,H,A,A,A,A,A,A,A,A,A,A,A,H,H,H,H,H,H,H,H,H,H,H,A,A,A,A,A,H,H,H,H,H,H,H,H,H,H,H,H,A,A,A,A,A,A,A,A,A,A,H,H,H,H,H,H,H,H,H,H,H,H,A,H,H,A,A,A,A,A,A,A,A,A,A,A,A,A,A,A,A,A,A,A,A,A,A,A,A,A,A,A,A,A,A,A,A,A,A,A,A,A,A,A,H,H,H,H,H,H,A,A,A,A,A,A,H,H,H,H,H,H,H,H,H,H,H,A,A,A,A,A,A,A,A,A,A,A,A,A,A,A,A,A,A
3123,A,A,A,A,A,A,A,A,A,A,A,A,A,A,A,A,A,A,A,A,A,A,A,A,A,A,H,H,H,H,H,H,H,H,H,A,A,A,A,A,A,A,A,A,A,A,A,A,H,H,H,A,A,A,A,A,A,A,A,A,A,A,A,A,A,A,A,A,A,A,A,A,A,A,A,A,A,A,A,A,A,A,A,A,A,A,A,A,A,A,A,H,H,H,H,H,H,H,H,H,H,H,H,H,H,H,H,A,H,H,H,H,H,H,H,A,A,A,A,A,A,A,A,H,H,H,H,H,H,H,A,A,A,A,A,A,A,A,A,A,A,A,H,H,H,H,H,H,H,H,H,H,H,H,H,H,A,A,A,A,A,A,A,A,A,A,A,A,H,A,A,A,A,A,A,A,A,H,H,H,H,H,H,H,H,H,H,A,A,A,A,A,A,A,A,A,A,A,A,A,A,H,H,A,H,H,H,H,H,H,H,H,H,H,H,H,H,H,H,H,A,A,A,A,A,A,A,A,A,A,H,H,H,A,A,A,A,A,A,A,A,A,A,A,A,A,A,A,A,A,A
3124,H,H,H,H,H,H,H,H,H,H,H,H,H,H,H,H,A,A,A,A,A,A,A,A,A,A,A,A,A,A,A,A,A,A,A,H,H,A,A,A,A,A,A,A,A,A,A,H,H,H,H,A,A,A,A,A,A,A,A,A,A,A,A,A,A,A,A,H,H,H,H,H,H,H,H,H,H,A,A,A,A,A,A,A,A,A,H,H,H,H,H,H,H,H,A,A,A,A,A,A,A,A,A,A,A,A,A,A,H,H,H,H,H,H,H,H,H,H,A,A,A,A,A,A,A,A,A,A,A,A,A,A,A,A,A,A,A,H,H,H,H,H,H,H,H,H,H,H,H,H,H,H,H,H,H,H,A,A,A,A,A,A,A,A,A,A,A,A,A,H,H,H,H,H,H,H,H,A,A,A,A,A,A,A,A,A,A,H,H,H,H,H,H,H,H,H,H,H,H,H,H,H,H,H,H,H,H,H,H,H,H,H,A,A,A,A,A,A,A,A,A,A,H,H,H,H,H,H,H,A,A,A,A,A,A,A,A,A,A,A,A,A,A,A,A,A,A,A,A,A,A
3125,A,H,A,A,A,A,A,A,A,A,A,A,A,A,A,A,H,H,A,A,A,A,A,A,A,A,A,A,A,A,A,A,A,A,H,A,A,A,A,A,A,A,A,A,A,A,A,A,H,H,H,A,A,A,A,A,A,A,A,A,A,A,A,A,A,A,A,H,H,H,H,H,H,H,H,H,A,A,A,H,H,A,A,A,A,A,A,A,A,H,H,H,H,H,H,H,H,H,H,H,H,H,H,H,H,H,H,H,A,A,A,A,A,A,A,A,A,A,A,A,A,A,A,A,A,A,A,A,A,A,A,A,A,A,A,A,A,H,H,H,H,H,A,A,A,A,A,A,A,A,A,A,A,A,A,A,H,H,H,H,H,H,H,H,H,H,H,H,H,H,H,A,A,A,A,A,A,A,A,A,A,A,A,A,A,A,A,A,H,H,H,H,H,H,H,H,H,H,H,H,H,H,H,H,A,A,A,A,A,A,A,A,H,H,H,H,H,H,H,H,H,H,H,H,H,H,H,H,A,A,A,H,H,A,A,A,A,A,A,A,A,A,A,A,A,A,A,A,A,A,A
3126,A,A,A,A,A,A,A,A,A,A,A,A,A,A,A,A,H,H,H,H,H,H,H,H,H,H,H,H,H,H,H,H,H,A,A,A,A,A,A,A,A,A,A,H,H,H,H,H,H,H,H,H,H,H,H,H,H,H,H,H,H,H,H,H,H,H,H,H,H,H,H,H,H,H,H,H,H,H,H,A,A,A,A,A,A,A,A,A,A,A,A,A,A,A,A,A,A,A,A,A,A,A,A,A,A,A,A,A,A,A,A,A,A,A,A,A,A,A,A,A,A,A,A,A,A,A,A,A,A,A,H,H,H,H,H,A,A,A,A,A,A,A,A,A,A,A,A,A,A,A,A,H,H,H,H,H,A,A,A,A,A,A,A,A,A,H,H,H,H,A,A,H,H,H,H,H,H,H,H,H,H,H,H,H,H,H,H,H,H,H,A,A,A,A,A,A,A,A,A,A,A,H,H,A,A,A,A,A,A,A,A,A,H,H,H,H,H,H,A,A,A,A,A,A,A,A,H,H,H,A,A,A,A,A,A,A,A,A,A,A,A,A,A,A,A,A,A,A,A,A,A
3127,A,A,A,A,A,A,A,A,A,A,A,A,A,A,A,A,H,H,H,H,H,H,H,H,H,H,H,H,H,H,H,H,H,H,H,A,A,A,A,H,H,H,H,H,H,H,H,H,H,H,H,A,A,A,A,A,A,A,A,A,H,H,H,H,H,H,A,A,A,A,A,A,H,H,H,H,H,H,H,A,A,A,A,A,A,A,A,A,A,H,H,H,H,H,A,A,A,A,A,A,A,A,A,A,A,A,A,H,H,H,H,H,H,H,H,A,A,A,A,A,A,A,A,A,H,H,H,H,H,H,A,A,A,A,A,H,H,H,H,H,H,H,A,A,A,A,A,A,A,A,A,A,A,A,A,A,A,A,A,A,A,A,A,A,A,A,A,A,A,H,H,A,A,A,A,A,A,H,H,H,H,H,H,H,H,H,H,A,A,A,A,A,A,A,A,A,A,A,A,A,H,H,H,H,H,H,H,H,H,H,A,A,A,A,A,A,A,A,A,A,A,A,A,A,A,A,A,A,A,A,A,A,A,A,A,A,A,A,A,A,A,A,A,A,A,A,A,A,A,A,A
3128,A,A,A,A,A,A,A,A,A,A,A,A,A,A,A,A,A,A,A,A,A,A,H,H,H,H,H,H,H,H,H,H,H,H,H,A,A,A,A,A,A,A,A,H,H,H,H,H,H,H,H,A,A,A,A,A,A,A,A,A,A,A,A,A,A,A,A,A,A,A,A,A,A,A,A,A,A,A,A,H,H,H,H,H,H,H,H,H,H,H,H,H,H,H,H,H,H,H,H,H,H,H,H,H,H,H,H,A,A,A,A,A,A,A,A,A,A,A,A,A,A,A,A,A,H,H,H,H,H,H,H,H,H,H,H,A,A,A,A,A,A,A,H,H,H,H,H,H,H,H,H,H,H,H,H,H,H,H,H,H,H,H,H,H,H,H,H,H,A,H,H,H,H,H,H,H,H,H,H,H,H,H,A,A,A,A,A,A,A,A,A,A,A,A,A,A,A,A,A,A,A,A,A,A,A,A,A,A,H,H,H,H,H,H,H,H,H,H,H,H,H,H,A,A,A,A,A,A,A,H,A,A,A,A,A,A,A,A,A,A,A,A,A,A,A,A,A,A,A,A,A
3129,A,A,A,A,A,A,A,A,A,A,A,A,A,A,A,A,A,A,H,H,H,H,H,H,H,H,H,H,H,H,H,H,H,H,H,H,H,H,H,H,H,H,H,H,H,H,H,H,H,H,H,H,H,H,H,H,H,H,H,H,H,H,H,H,H,A,A,H,H,H,H,H,H,H,H,H,H,H,H,H,H,H,H,H,H,H,H,H,H,H,H,A,A,H,H,H,H,H,H,H,H,H,H,H,H,H,H,A,A,A,A,A,H,H,H,H,H,H,H,H,H,H,H,H,H,H,H,H,A,A,H,H,H,H,H,H,H,H,H,H,H,H,H,H,H,H,H,H,A,A,A,A,A,A,A,A,H,H,H,H,H,H,H,H,H,A,A,A,A,H,H,H,H,H,H,H,H,H,H,H,H,H,H,H,H,H,H,H,H,H,H,H,H,H,H,H,H,H,H,H,H,H,H,A,A,A,A,A,A,A,A,A,A,A,A,A,A,A,A,A,A,A,A,A,A,A,A,A,A,A,A,A,A,A,A,A,A,A,A,A,A,A,A,A,A,A,A,A,A,A,A
3134,H,A,A,A,A,A,A,A,A,A,A,A,A,A,A,A,A,A,A,A,H,H,H,H,H,H,H,H,H,H,H,H,H,H,H,A,A,A,A,A,A,A,A,A,A,A,A,A,A,A,A,A,A,A,A,A,A,A,A,A,A,A,A,A,A,A,H,H,H,H,H,H,H,H,H,H,H,H,H,A,A,A,A,A,A,A,A,A,A,A,A,A,A,A,A,A,A,A,A,H,H,H,H,H,H,H,H,H,A,A,A,A,A,A,A,A,A,A,A,A,A,A,A,A,A,A,A,A,A,A,H,A,A,A,A,A,A,A,A,A,A,A,H,H,H,H,H,H,A,A,A,A,A,A,A,A,H,H,A,A,A,A,A,A,A,A,A,A,A,H,H,H,H,H,H,H,H,H,H,H,H,H,H,H,H,H,H,H,A,A,A,A,A,A,A,A,A,A,A,A,A,A,A,A,A,A,A,A,A,A,A,H,H,H,H,H,H,H,H,A,A,A,A,A,A,A,A,A,A,A,A,A,A,A,A,A,A,A,A,A,A,A,A,A,A,A,A,A,A,A,A
3135,H,H,H,H,H,A,A,A,A,A,A,A,A,A,A,A,A,A,H,H,H,H,H,H,H,H,A,A,A,A,A,A,A,A,A,H,A,A,A,A,A,A,A,A,A,A,A,A,H,H,H,H,H,H,H,H,H,H,H,H,H,A,A,A,A,A,H,A,A,H,H,H,H,H,H,H,H,H,H,A,A,A,A,A,A,A,A,A,A,H,H,A,A,A,A,A,A,A,A,A,A,A,A,A,A,A,A,A,A,A,A,A,A,A,A,A,A,A,H,H,H,H,H,H,H,A,A,A,A,A,A,H,H,H,H,H,H,H,H,H,H,H,H,H,H,H,H,H,H,H,H,H,H,H,H,H,H,H,H,H,H,H,H,H,H,H,H,H,H,A,A,H,H,H,H,H,H,H,H,H,H,H,H,A,A,A,A,A,A,A,A,A,A,A,A,A,A,A,A,A,A,A,A,A,A,A,A,A,A,A,A,A,A,A,A,A,A,A,A,H,H,H,H,H,H,H,H,H,H,A,H,A,A,A,A,A,A,A,A,A,A,A,A,A,A,A,A,A,A,A,A
3143,A,A,A,A,A,A,H,H,H,H,H,H,H,H,H,H,H,H,A,A,A,A,A,H,H,H,H,H,H,H,H,H,H,A,A,A,A,A,A,A,A,A,A,A,A,A,A,A,A,A,A,A,A,A,A,A,-,A,A,A,A,A,A,A,A,A,A,A,A,A,A,A,H,H,H,H,H,H,A,H,H,H,H,H,H,H,H,A,A,A,A,A,A,A,A,A,A,A,A,A,A,A,A,A,A,A,A,H,A,A,A,A,H,H,H,H,H,H,A,A,A,A,A,A,A,A,A,A,A,A,A,A,A,A,A,A,A,A,A,A,A,A,A,A,A,A,A,A,A,A,A,A,A,A,A,A,A,A,A,A,A,A,A,A,A,A,A,A,A,A,A,A,A,A,A,A,A,A,A,A,A,A,A,A,A,A,A,A,A,A,H,H,H,H,H,H,H,H,A,A,A,A,A,H,A,A,A,A,A,A,A,A,A,H,H,H,H,H,A,A,A,A,H,H,H,H,H,H,H,A,A,H,H,A,A,A,A,A,A,A,A,A,A,A,A,A,A,A,A,A,A
3144,H,H,H,H,H,H,H,H,H,H,H,H,H,H,H,H,H,H,H,H,H,H,H,H,H,H,H,H,H,H,H,H,H,H,H,H,H,H,H,H,H,H,H,H,H,H,H,H,H,H,H,H,H,H,H,H,H,H,H,H,H,H,H,H,H,H,H,H,H,H,H,H,H,H,H,H,H,H,H,A,A,A,A,A,A,A,A,H,H,H,H,H,H,A,A,A,A,A,A,A,A,A,A,A,A,A,A,H,H,H,H,H,H,H,H,H,H,H,H,H,H,H,H,H,H,H,H,H,H,-,H,H,H,H,H,A,A,A,A,A,A,A,A,A,A,A,A,A,A,A,A,H,H,H,H,H,A,A,A,A,A,A,A,A,A,A,A,A,A,H,H,H,H,H,H,H,H,A,A,A,A,A,A,A,A,A,H,H,H,H,H,H,H,H,H,A,A,A,A,A,A,A,A,A,H,H,H,H,H,H,H,H,H,H,H,H,H,H,A,A,A,A,H,H,H,H,H,H,H,H,H,H,H,A,A,A,A,A,A,A,A,A,A,A,A,A,A,A,A,A,A
3152,A,A,H,H,H,H,H,H,H,H,H,A,A,A,A,A,A,A,A,A,A,A,A,A,A,A,A,A,A,A,A,A,A,A,A,A,A,H,H,H,H,H,H,H,H,H,H,H,H,H,H,A,A,A,A,A,A,A,A,A,A,A,H,H,H,H,H,H,H,H,H,H,H,H,H,H,H,H,H,A,A,A,H,H,H,H,H,H,H,H,H,H,H,H,H,H,H,H,H,H,H,H,H,A,A,A,A,A,-,H,H,H,H,H,H,H,H,H,H,H,H,H,H,H,H,H,H,H,H,H,H,H,H,H,H,H,H,A,A,A,A,A,H,H,H,A,A,A,A,A,A,A,A,A,A,A,H,H,H,H,H,H,H,H,H,H,H,H,H,A,A,A,A,A,A,A,A,A,A,A,A,A,A,A,A,A,A,A,A,A,H,H,A,A,A,A,A,A,A,A,A,A,A,A,A,A,A,A,A,A,A,H,H,H,H,H,H,H,H,H,H,H,H,H,H,H,H,H,H,A,A,A,A,A,A,A,A,A,A,A,A,A,A,A,A,A,A,A,A,A,A
3153,A,H,H,H,H,H,H,H,H,H,H,H,H,H,H,H,A,A,A,A,A,A,A,A,A,A,A,A,A,A,A,A,A,A,A,A,A,A,A,H,H,H,H,H,H,H,H,H,H,A,A,H,H,H,H,H,H,H,H,H,A,A,A,A,A,A,H,H,H,H,H,H,H,H,H,H,H,H,H,A,A,A,A,A,A,A,A,A,A,A,A,A,A,A,A,A,A,A,A,A,A,A,A,A,H,H,H,H,H,H,H,H,H,H,H,H,A,A,H,H,H,H,H,H,H,H,H,H,H,H,A,A,A,A,A,A,A,A,A,A,A,A,A,A,A,H,H,H,H,H,H,H,H,H,H,A,A,A,A,A,A,A,A,H,H,H,H,H,H,A,A,A,A,A,A,A,A,H,H,H,H,H,H,A,A,A,A,A,A,A,H,H,H,H,H,H,H,H,H,H,H,H,A,H,H,H,H,H,H,H,A,A,H,H,H,H,A,A,A,A,A,H,H,H,H,H,H,H,H,H,H,A,A,A,A,A,A,A,A,A,A,A,A,A,A,A,A,A,A,A,A
3154,A,H,H,H,H,H,H,H,H,H,H,H,H,A,A,A,A,A,A,A,A,H,H,H,H,H,H,H,H,H,H,H,H,H,H,H,H,A,A,A,A,A,A,A,A,A,A,A,H,H,H,H,H,H,H,H,H,H,H,H,H,H,A,A,A,A,A,A,H,H,H,H,H,H,H,H,H,H,H,A,A,A,H,H,H,H,H,H,H,A,A,A,A,-,A,A,A,A,A,A,A,A,H,H,H,H,H,H,H,H,H,H,H,H,H,H,H,H,H,H,H,H,H,A,A,A,A,A,A,H,H,H,H,H,H,H,H,H,H,H,H,H,H,H,H,H,H,H,H,H,H,H,H,H,H,H,A,A,A,A,A,A,A,A,A,A,A,A,A,A,A,A,A,A,A,H,H,H,H,H,H,H,H,H,H,H,H,A,A,A,H,H,H,H,H,H,H,H,H,H,H,H,H,A,A,A,A,A,A,A,A,A,H,H,H,H,H,H,H,H,H,H,H,H,H,H,H,A,A,H,H,H,H,A,A,A,A,A,A,A,A,A,A,A,A,A,A,A,A,A,A
3155,A,A,A,A,A,A,H,H,H,H,H,H,H,H,H,H,H,H,H,H,H,H,H,H,H,H,H,H,H,H,H,H,H,H,H,A,A,A,A,A,A,A,A,A,A,A,A,A,A,A,H,H,H,H,A,A,A,A,A,A,A,A,A,A,A,A,A,A,A,A,A,A,A,A,A,A,A,H,H,H,H,H,H,H,H,H,H,A,A,A,A,H,H,H,H,H,H,H,H,H,H,H,H,H,H,H,H,H,H,H,H,H,H,H,H,H,H,H,A,A,A,A,A,A,A,A,A,A,A,A,H,H,H,H,H,H,H,H,H,H,H,H,H,H,H,H,H,H,A,A,A,A,A,A,A,A,A,A,A,A,A,A,A,A,A,A,A,A,H,A,A,A,A,A,A,A,A,A,A,A,A,A,A,A,A,A,A,H,H,H,H,H,H,H,H,H,H,H,H,H,H,H,H,H,H,H,H,H,H,H,H,H,A,A,A,A,A,A,A,A,A,A,H,H,H,H,H,H,H,A,A,A,A,A,A,A,A,A,A,A,A,A,A,A,A,A,A,A,A,A,A
3160,A,A,A,A,A,H,H,H,H,H,H,H,H,H,H,H,H,H,A,A,A,H,H,H,H,H,H,H,H,H,H,H,H,H,H,H,H,H,H,H,H,H,H,H,H,H,H,H,H,H,A,A,A,A,A,A,A,A,A,A,A,A,A,A,A,A,H,H,H,H,H,H,A,A,A,A,H,H,H,A,A,A,A,A,A,A,A,H,H,H,H,A,A,A,A,A,A,A,A,A,A,A,A,A,A,A,A,A,H,H,H,H,H,H,H,H,H,H,H,H,H,H,H,H,H,H,H,H,H,H,H,H,H,H,H,H,H,H,H,H,H,H,H,H,H,H,H,H,H,H,H,H,H,H,H,H,A,A,A,A,A,A,A,A,A,H,H,H,H,H,H,H,H,H,H,H,A,H,H,H,H,H,H,H,H,H,H,A,A,A,H,H,H,H,H,H,H,H,H,H,H,H,H,A,A,A,A,A,A,A,A,A,A,A,A,A,A,A,A,A,A,A,A,A,A,A,A,A,A,H,H,H,H,A,A,A,A,A,A,A,A,A,A,A,A,A,A,A,A,A,A
3161,A,A,A,A,A,A,A,A,A,A,A,A,A,A,A,H,H,H,A,A,A,A,A,A,A,A,A,A,A,A,A,A,A,A,A,H,H,-,H,A,A,A,A,A,A,A,A,A,A,A,A,H,H,H,A,A,A,A,A,A,A,A,A,A,A,H,H,H,H,H,H,H,H,H,H,H,H,H,H,H,H,H,H,H,H,H,H,H,H,H,H,A,A,A,A,A,A,A,A,A,A,A,A,A,H,H,H,H,A,A,A,A,A,A,A,A,A,A,H,H,H,H,H,H,H,H,H,H,H,A,A,A,A,A,A,H,H,A,A,A,A,A,A,A,A,A,A,A,A,A,A,A,A,H,H,H,A,A,A,A,A,A,A,A,A,H,H,H,H,A,A,A,A,A,A,A,A,H,H,H,H,H,H,A,A,A,A,A,A,A,H,-,H,H,H,H,H,H,H,H,H,H,A,H,A,A,A,A,A,A,A,A,H,H,H,H,H,H,H,H,H,A,H,H,-,H,H,A,A,H,H,H,H,A,A,A,A,A,A,A,A,A,A,A,A,A,A,A,A,A,A
3162,H,H,H,H,H,H,H,H,H,H,H,H,H,H,H,A,A,A,A,A,A,A,A,A,A,A,A,A,A,A,A,A,A,-,A,A,A,H,H,H,H,H,H,H,H,H,H,H,H,H,H,A,A,A,A,A,A,A,A,A,A,A,H,H,H,H,H,H,H,H,H,H,H,H,H,H,H,H,H,H,H,H,A,A,A,A,A,A,A,H,H,A,A,A,A,A,H,H,H,H,H,H,H,A,A,A,A,A,H,H,H,H,H,H,H,H,H,H,H,H,H,H,H,H,H,H,H,H,H,A,H,H,H,H,H,H,H,H,H,H,H,H,A,A,A,A,A,A,A,A,A,A,A,-,A,A,A,A,A,A,A,A,A,A,A,A,A,A,A,H,H,H,H,H,H,H,H,H,H,H,H,H,H,H,H,H,H,A,A,A,A,A,A,A,A,A,A,A,A,A,A,H,H,H,H,H,H,H,H,H,A,A,A,A,A,A,A,A,A,A,A,A,H,A,A,A,A,A,A,H,H,H,H,A,A,A,A,A,A,A,A,A,A,A,A,A,A,A,A,A,A
3164,H,A,A,A,A,A,A,A,A,A,A,A,A,H,H,H,H,H,H,H,H,H,H,H,H,H,H,H,H,H,H,H,H,H,H,A,A,A,A,H,H,H,H,H,H,H,H,H,H,H,H,H,H,H,H,H,-,H,H,H,H,H,A,A,A,A,A,H,H,H,H,H,A,A,A,A,A,A,A,A,A,A,A,A,A,A,A,A,A,A,A,H,H,H,H,H,H,H,A,A,A,A,A,A,A,A,A,A,H,H,H,H,H,H,H,H,H,H,A,A,A,A,A,H,H,H,H,H,H,H,H,H,H,H,H,A,A,A,A,A,H,H,A,A,A,H,H,H,H,H,H,H,H,H,H,H,H,H,H,H,H,H,H,H,H,H,H,H,H,H,H,H,A,A,A,A,A,H,H,H,H,H,H,H,H,H,H,H,H,H,A,A,A,A,A,A,A,A,A,A,A,A,H,A,H,H,H,H,A,A,A,A,H,A,A,A,A,A,A,A,A,A,A,A,A,A,A,A,A,H,H,H,H,A,A,A,A,A,A,A,A,A,A,A,A,A,A,A,A,A,A
3168,H,H,H,H,H,H,H,H,H,H,H,H,H,H,H,H,H,H,H,H,H,H,H,H,H,H,A,A,A,A,A,A,A,A,A,A,A,A,A,A,A,A,A,A,A,H,H,H,H,H,H,H,H,H,A,A,A,A,A,A,A,A,A,A,A,A,H,H,H,H,H,H,H,H,H,H,H,H,H,A,A,H,H,H,H,H,H,H,H,H,H,A,A,A,A,A,A,A,A,A,A,A,A,A,A,A,A,H,A,H,H,H,H,H,H,H,H,H,A,A,A,A,A,A,A,A,A,A,A,A,A,A,A,A,A,A,H,H,H,H,H,H,H,H,H,A,A,A,A,A,A,A,A,A,A,A,H,H,H,H,H,H,H,H,H,H,H,H,H,A,A,A,A,A,A,H,H,A,A,A,A,A,A,A,A,A,A,H,H,H,H,H,H,H,H,H,H,H,H,H,H,A,A,H,H,H,H,H,H,H,H,H,A,A,A,A,A,A,A,A,A,A,H,H,H,H,H,H,H,H,H,H,H,A,A,A,A,A,A,A,A,A,A,A,A,A,A,A,A,A,A
3169,H,H,H,H,H,H,H,H,H,H,H,H,H,A,A,A,A,A,H,H,H,H,H,H,H,H,H,H,H,H,H,A,A,A,A,A,A,A,A,A,A,A,A,A,A,A,A,A,A,A,A,A,A,A,A,A,A,A,A,A,A,A,H,H,H,H,H,A,A,A,A,A,A,A,A,A,A,A,A,H,H,H,H,H,H,H,H,H,H,H,H,A,A,A,A,A,A,A,A,A,A,A,A,A,A,A,A,A,A,A,A,A,A,A,A,A,A,A,A,A,A,A,A,A,A,H,H,H,H,H,A,A,A,A,A,A,A,A,A,A,A,A,H,H,H,H,H,H,H,H,H,H,H,H,H,H,H,H,H,H,H,H,H,H,H,H,A,A,A,H,H,H,H,H,H,H,H,A,A,A,A,A,A,A,A,A,A,H,H,H,A,A,A,H,H,H,H,H,H,H,H,H,H,H,H,H,H,H,H,H,H,H,A,A,A,A,A,A,A,A,A,A,A,A,A,A,A,A,A,H,H,H,A,A,A,A,A,A,A,A,A,A,A,A,A,A,A,A,A,A,A
3170,H,H,H,H,H,H,A,A,A,A,A,A,A,A,A,A,H,H,H,H,H,H,H,H,H,H,H,H,H,H,H,H,H,H,A,A,A,A,A,A,A,A,A,A,A,A,A,A,A,A,A,A,H,H,H,H,H,H,H,H,H,H,H,H,H,H,H,H,H,H,H,H,H,H,H,H,H,H,H,A,A,H,H,H,H,H,H,H,H,H,H,H,H,H,H,H,H,H,H,H,H,H,H,H,H,H,H,H,A,A,A,A,A,A,A,A,A,A,H,H,H,H,H,H,H,H,H,H,H,H,H,H,H,H,H,H,H,H,H,H,H,H,H,H,H,H,H,H,H,H,H,H,A,A,A,A,A,H,H,H,H,H,H,H,H,H,H,H,A,H,H,A,A,A,A,A,A,A,A,A,A,A,A,A,A,A,A,H,H,H,A,A,A,A,A,A,A,A,A,A,H,H,H,A,A,A,A,A,A,A,A,H,A,A,A,A,A,A,A,A,A,A,A,A,A,A,A,A,A,H,H,H,H,A,A,A,A,A,A,A,A,A,A,A,A,A,A,A,A,A,A
3171,A,A,A,A,A,A,A,A,A,A,A,A,A,A,A,A,A,H,A,A,A,A,A,A,A,A,H,H,H,H,H,H,H,H,H,A,A,A,A,A,A,A,A,A,A,A,A,A,H,H,H,A,A,A,A,A,A,A,A,A,A,A,A,A,A,A,A,H,H,H,H,H,H,H,H,H,H,H,H,H,H,H,H,H,H,H,H,H,H,A,A,H,H,H,H,H,H,H,H,H,H,H,H,H,H,H,H,H,H,H,H,H,H,H,H,H,A,A,H,H,H,H,H,H,H,H,H,H,H,H,H,H,H,H,H,H,H,H,H,H,H,H,H,H,H,H,H,H,H,H,H,H,H,H,H,H,A,A,A,A,A,A,A,A,A,A,A,A,A,A,A,A,A,A,A,A,H,H,H,H,H,H,H,H,H,H,A,A,A,A,H,-,H,H,H,H,H,H,H,H,H,A,A,H,H,H,H,H,H,H,H,H,A,A,A,A,A,A,A,A,A,A,H,H,H,H,A,A,A,H,H,H,A,A,A,A,A,A,A,A,A,A,A,A,A,A,A,A,A,A,A
3173,H,H,H,H,H,H,H,H,H,H,H,H,H,A,A,A,A,A,A,A,A,A,A,A,A,A,A,A,A,A,A,A,A,A,A,A,A,A,A,A,A,A,A,A,A,A,A,A,A,A,A,A,A,A,A,H,H,H,H,H,H,H,H,H,H,H,H,H,H,H,H,H,H,H,H,H,H,H,H,A,A,A,A,A,A,A,A,A,A,A,A,H,H,H,H,H,H,H,H,H,H,H,H,H,H,H,H,H,A,A,A,A,A,A,A,A,H,H,A,A,A,A,A,H,H,H,H,H,H,H,H,H,A,A,A,A,A,A,A,A,A,A,A,A,A,A,H,H,H,H,H,H,H,H,H,H,H,H,H,H,H,H,H,H,H,H,H,H,A,H,H,A,A,A,H,H,H,H,H,H,H,H,H,H,H,H,H,H,H,H,A,A,A,A,A,A,A,A,A,A,A,A,A,H,H,H,H,H,H,H,H,H,A,A,A,A,A,A,A,A,A,H,H,H,H,H,H,H,H,H,H,H,H,A,A,A,A,A,A,A,A,A,A,A,A,A,A,A,A,A,A
3174,H,H,H,H,H,H,H,H,H,H,H,H,H,H,H,H,H,H,H,H,H,H,H,H,H,H,H,H,H,H,H,H,H,H,H,A,A,A,A,A,A,A,A,A,A,A,A,A,A,A,A,A,A,A,A,A,A,A,A,A,H,H,H,H,H,A,A,A,A,A,A,A,A,A,A,A,A,A,A,A,A,A,A,A,A,A,A,A,A,A,A,A,A,A,H,H,H,H,H,H,H,H,H,H,H,H,H,H,A,A,A,A,H,H,H,H,H,H,H,H,H,H,H,H,H,H,H,H,H,H,H,H,H,H,H,H,H,H,H,H,H,H,H,H,H,H,H,H,H,H,H,H,H,H,H,H,H,H,H,H,H,H,A,A,A,A,A,A,A,H,H,H,H,H,H,H,H,H,H,H,H,H,H,H,H,H,A,A,A,A,A,A,A,A,A,A,A,A,A,A,H,H,A,H,H,H,H,H,H,H,H,H,H,H,H,H,A,A,A,A,A,A,H,H,H,H,H,H,H,H,A,A,A,A,A,A,A,A,A,A,A,A,A,A,A,A,A,A,A,A,A
3175,H,H,H,H,H,H,H,H,H,H,H,H,H,H,H,H,A,A,A,A,A,A,A,A,A,A,A,A,A,A,A,A,A,A,A,H,H,H,H,H,H,H,H,H,H,H,H,H,H,H,H,H,H,H,H,H,H,H,H,H,H,H,H,H,H,H,H,A,A,A,A,A,A,H,H,H,H,A,A,A,A,H,H,H,H,H,H,H,H,H,H,A,A,A,A,A,A,A,A,A,A,A,A,A,A,A,A,H,A,A,A,A,A,A,A,A,A,A,H,H,H,H,H,A,A,A,A,A,A,A,H,H,H,H,H,H,H,H,H,H,H,H,H,H,H,H,H,H,H,H,H,H,H,H,H,H,A,A,A,A,A,A,A,A,A,A,A,A,A,H,H,H,A,A,A,A,A,A,A,A,A,A,A,A,A,A,A,A,A,A,A,A,A,A,A,A,A,A,A,A,A,A,H,H,H,H,H,H,H,H,H,H,A,A,A,A,A,A,A,H,H,H,H,H,-,H,A,A,A,A,A,A,A,A,A,A,A,A,A,A,A,A,A,A,A,A,A,A,-,A,A
3176,A,A,A,A,A,A,A,A,A,A,A,A,A,A,A,A,A,A,H,H,H,H,H,H,H,H,A,A,A,A,A,A,A,A,A,H,H,A,A,A,A,A,A,A,A,A,A,A,A,A,A,H,H,H,H,H,H,H,H,H,H,H,H,H,H,H,H,A,A,A,A,A,H,H,H,H,H,H,H,H,H,H,H,H,H,A,A,A,A,A,A,A,A,A,A,H,H,H,H,H,H,H,H,H,H,H,H,H,A,A,A,A,A,A,A,A,H,H,H,H,H,H,H,H,H,A,A,A,A,A,H,H,H,H,H,H,H,H,H,H,H,H,H,H,H,H,H,H,H,H,H,H,H,A,A,A,A,A,A,A,A,A,A,A,A,A,A,A,A,A,A,A,A,A,A,A,A,A,A,A,A,A,A,A,A,A,A,A,A,A,H,H,H,H,H,H,H,H,H,H,H,H,H,A,H,H,H,H,H,H,H,H,A,A,A,A,A,A,A,A,A,A,A,A,-,A,A,A,A,A,A,A,A,A,A,A,A,A,A,A,A,A,A,A,A,A,A,A,A,A,A
3177,A,H,H,H,H,H,H,H,H,H,H,H,H,H,H,H,H,H,A,A,A,A,A,A,A,A,A,A,A,A,H,H,H,H,H,H,H,H,H,H,H,H,H,H,H,H,H,H,A,A,A,H,H,H,H,H,H,H,H,H,H,H,H,H,H,H,H,A,A,A,A,A,A,A,A,A,A,A,A,H,H,H,H,H,H,A,A,A,A,H,H,H,H,H,H,H,H,H,H,H,H,H,H,H,H,H,H,H,A,A,A,A,A,H,H,H,H,H,H,H,H,H,H,H,H,H,H,H,H,A,H,H,A,A,A,A,A,A,A,A,A,A,H,H,H,H,H,H,H,H,H,H,H,H,H,H,A,A,A,A,A,A,A,A,A,A,A,A,H,A,A,H,H,H,H,H,H,H,H,H,H,H,H,A,A,A,A,A,A,A,H,H,H,H,H,H,H,H,-,H,H,H,H,H,A,A,A,A,A,A,A,A,H,H,H,H,H,H,H,H,H,A,H,H,H,H,H,H,H,H,A,A,A,A,A,A,A,A,A,A,A,A,A,A,A,A,A,A,A,A,A
,,,,,,,,,,,,,,,,,,,,,,,,,,,,,,,,,,,,,,,,,,,,,,,,,,,,,,,,,,,,,,,,,,,,,,,,,,,,,,,,,,,,,,,,,,,,,,,,,,,,,,,,,,,,,,,,,,,,,,,,,,,,,,,,,,,,,,,,,,,,,,,,,,,,,,,,,,,,,,,,,,,,,,,,,,,,,,,,,,,,,,,,,,,,,,,,,,,,,,,,,,,,,,,,,,,,,,,,,,,,,,,,,,,,,,,,,,,,,,,,,,,,,,,,,,,
,,,,,,,,,,,,,,,,,,,,,,,,,,,,,,,,,,,,,,,,,,,,,,,,,,,,,,,,,,,,,,,,,,,,,,,,,,,,,,,,,,,,,,,,,,,,,,,,,,,,,,,,,,,,,,,,,,,,,,,,,,,,,,,,,,,,,,,,,,,,,,,,,,,,,,,,,,,,,,,,,,,,,,,,,,,,,,,,,,,,,,,,,,,,,,,,,,,,,,,,,,,,,,,,,,,,,,,,,,,,,,,,,,,,,,,,,,,,,,,,,,,,,,,,,,,
,,,,,,,,,,,,,,,,,,,,,,,,,,,,,,,,,,,,,,,,,,,,,,,,,,,,,,,,,,,,,,,,,,,,,,,,,,,,,,,,,,,,,,,,,,,,,,,,,,,,,,,,,,,,,,,,,,,,,,,,,,,,,,,,,,,,,,,,,,,,,,,,,,,,,,,,,,,,,,,,,,,,,,,,,,,,,,,,,,,,,,,,,,,,,,,,,,,,,,,,,,,,,,,,,,,,,,,,,,,,,,,,,,,,,,,,,,,,,,,,,,,,,,,,,,,
,,,,,,,,,,,,,,,,,,,,,,,,,,,,,,,,,,,,,,,,,,,,,,,,,,,,,,,,,,,,,,,,,,,,,,,,,,,,,,,,,,,,,,,,,,,,,,,,,,,,,,,,,,,,,,,,,,,,,,,,,,,,,,,,,,,,,,,,,,,,,,,,,,,,,,,,,,,,,,,,,,,,,,,,,,,,,,,,,,,,,,,,,,,,,,,,,,,,,,,,,,,,,,,,,,,,,,,,,,,,,,,,,,,,,,,,,,,,,,,,,,,,,,,,,,,
,,,,,,,,,,,,,,,,,,,,,,,,,,,,,,,,,,,,,,,,,,,,,,,,,,,,,,,,,,,,,,,,,,,,,,,,,,,,,,,,,,,,,,,,,,,,,,,,,,,,,,,,,,,,,,,,,,,,,,,,,,,,,,,,,,,,,,,,,,,,,,,,,,,,,,,,,,,,,,,,,,,,,,,,,,,,,,,,,,,,,,,,,,,,,,,,,,,,,,,,,,,,,,,,,,,,,,,,,,,,,,,,,,,,,,,,,,,,,,,,,,,,,,,,,,,
,,,,,,,,,,,,,,,,,,,,,,,,,,,,,,,,,,,,,,,,,,,,,,,,,,,,,,,,,,,,,,,,,,,,,,,,,,,,,,,,,,,,,,,,,,,,,,,,,,,,,,,,,,,,,,,,,,,,,,,,,,,,,,,,,,,,,,,,,,,,,,,,,,,,,,,,,,,,,,,,,,,,,,,,,,,,,,,,,,,,,,,,,,,,,,,,,,,,,,,,,,,,,,,,,,,,,,,,,,,,,,,,,,,,,,,,,,,,,,,,,,,,,,,,,,,
,,,,,,,,,,,,,,,,,,,,,,,,,,,,,,,,,,,,,,,,,,,,,,,,,,,,,,,,,,,,,,,,,,,,,,,,,,,,,,,,,,,,,,,,,,,,,,,,,,,,,,,,,,,,,,,,,,,,,,,,,,,,,,,,,,,,,,,,,,,,,,,,,,,,,,,,,,,,,,,,,,,,,,,,,,,,,,,,,,,,,,,,,,,,,,,,,,,,,,,,,,,,,,,,,,,,,,,,,,,,,,,,,,,,,,,,,,,,,,,,,,,,,,,,,,,
,,,,,,,,,,,,,,,,,,,,,,,,,,,,,,,,,,,,,,,,,,,,,,,,,,,,,,,,,,,,,,,,,,,,,,,,,,,,,,,,,,,,,,,,,,,,,,,,,,,,,,,,,,,,,,,,,,,,,,,,,,,,,,,,,,,,,,,,,,,,,,,,,,,,,,,,,,,,,,,,,,,,,,,,,,,,,,,,,,,,,,,,,,,,,,,,,,,,,,,,,,,,,,,,,,,,,,,,,,,,,,,,,,,,,,,,,,,,,,,,,,,,,,,,,,,
,,,,,,,,,,,,,,,,,,,,,,,,,,,,,,,,,,,,,,,,,,,,,,,,,,,,,,,,,,,,,,,,,,,,,,,,,,,,,,,,,,,,,,,,,,,,,,,,,,,,,,,,,,,,,,,,,,,,,,,,,,,,,,,,,,,,,,,,,,,,,,,,,,,,,,,,,,,,,,,,,,,,,,,,,,,,,,,,,,,,,,,,,,,,,,,,,,,,,,,,,,,,,,,,,,,,,,,,,,,,,,,,,,,,,,,,,,,,,,,,,,,,,,,,,,,
,,,,,,,,,,,,,,,,,,,,,,,,,,,,,,,,,,,,,,,,,,,,,,,,,,,,,,,,,,,,,,,,,,,,,,,,,,,,,,,,,,,,,,,,,,,,,,,,,,,,,,,,,,,,,,,,,,,,,,,,,,,,,,,,,,,,,,,,,,,,,,,,,,,,,,,,,,,,,,,,,,,,,,,,,,,,,,,,,,,,,,,,,,,,,,,,,,,,,,,,,,,,,,,,,,,,,,,,,,,,,,,,,,,,,,,,,,,,,,,,,,,,,,,,,,,
,,,,,,,,,,,,,,,,,,,,,,,,,,,,,,,,,,,,,,,,,,,,,,,,,,,,,,,,,,,,,,,,,,,,,,,,,,,,,,,,,,,,,,,,,,,,,,,,,,,,,,,,,,,,,,,,,,,,,,,,,,,,,,,,,,,,,,,,,,,,,,,,,,,,,,,,,,,,,,,,,,,,,,,,,,,,,,,,,,,,,,,,,,,,,,,,,,,,,,,,,,,,,,,,,,,,,,,,,,,,,,,,,,,,,,,,,,,,,,,,,,,,,,,,,,,
,,,,,,,,,,,,,,,,,,,,,,,,,,,,,,,,,,,,,,,,,,,,,,,,,,,,,,,,,,,,,,,,,,,,,,,,,,,,,,,,,,,,,,,,,,,,,,,,,,,,,,,,,,,,,,,,,,,,,,,,,,,,,,,,,,,,,,,,,,,,,,,,,,,,,,,,,,,,,,,,,,,,,,,,,,,,,,,,,,,,,,,,,,,,,,,,,,,,,,,,,,,,,,,,,,,,,,,,,,,,,,,,,,,,,,,,,,,,,,,,,,,,,,,,,,,
,,,,,,,,,,,,,,,,,,,,,,,,,,,,,,,,,,,,,,,,,,,,,,,,,,,,,,,,,,,,,,,,,,,,,,,,,,,,,,,,,,,,,,,,,,,,,,,,,,,,,,,,,,,,,,,,,,,,,,,,,,,,,,,,,,,,,,,,,,,,,,,,,,,,,,,,,,,,,,,,,,,,,,,,,,,,,,,,,,,,,,,,,,,,,,,,,,,,,,,,,,,,,,,,,,,,,,,,,,,,,,,,,,,,,,,,,,,,,,,,,,,,,,,,,,,
,,,,,,,,,,,,,,,,,,,,,,,,,,,,,,,,,,,,,,,,,,,,,,,,,,,,,,,,,,,,,,,,,,,,,,,,,,,,,,,,,,,,,,,,,,,,,,,,,,,,,,,,,,,,,,,,,,,,,,,,,,,,,,,,,,,,,,,,,,,,,,,,,,,,,,,,,,,,,,,,,,,,,,,,,,,,,,,,,,,,,,,,,,,,,,,,,,,,,,,,,,,,,,,,,,,,,,,,,,,,,,,,,,,,,,,,,,,,,,,,,,,,,,,,,,,
,,,,,,,,,,,,,,,,,,,,,,,,,,,,,,,,,,,,,,,,,,,,,,,,,,,,,,,,,,,,,,,,,,,,,,,,,,,,,,,,,,,,,,,,,,,,,,,,,,,,,,,,,,,,,,,,,,,,,,,,,,,,,,,,,,,,,,,,,,,,,,,,,,,,,,,,,,,,,,,,,,,,,,,,,,,,,,,,,,,,,,,,,,,,,,,,,,,,,,,,,,,,,,,,,,,,,,,,,,,,,,,,,,,,,,,,,,,,,,,,,,,,,,,,,,,
,,,,,,,,,,,,,,,,,,,,,,,,,,,,,,,,,,,,,,,,,,,,,,,,,,,,,,,,,,,,,,,,,,,,,,,,,,,,,,,,,,,,,,,,,,,,,,,,,,,,,,,,,,,,,,,,,,,,,,,,,,,,,,,,,,,,,,,,,,,,,,,,,,,,,,,,,,,,,,,,,,,,,,,,,,,,,,,,,,,,,,,,,,,,,,,,,,,,,,,,,,,,,,,,,,,,,,,,,,,,,,,,,,,,,,,,,,,,,,,,,,,,,,,,,,,
,,,,,,,,,,,,,,,,,,,,,,,,,,,,,,,,,,,,,,,,,,,,,,,,,,,,,,,,,,,,,,,,,,,,,,,,,,,,,,,,,,,,,,,,,,,,,,,,,,,,,,,,,,,,,,,,,,,,,,,,,,,,,,,,,,,,,,,,,,,,,,,,,,,,,,,,,,,,,,,,,,,,,,,,,,,,,,,,,,,,,,,,,,,,,,,,,,,,,,,,,,,,,,,,,,,,,,,,,,,,,,,,,,,,,,,,,,,,,,,,,,,,,,,,,,,
,,,,,,,,,,,,,,,,,,,,,,,,,,,,,,,,,,,,,,,,,,,,,,,,,,,,,,,,,,,,,,,,,,,,,,,,,,,,,,,,,,,,,,,,,,,,,,,,,,,,,,,,,,,,,,,,,,,,,,,,,,,,,,,,,,,,,,,,,,,,,,,,,,,,,,,,,,,,,,,,,,,,,,,,,,,,,,,,,,,,,,,,,,,,,,,,,,,,,,,,,,,,,,,,,,,,,,,,,,,,,,,,,,,,,,,,,,,,,,,,,,,,,,,,,,,

